AlertId,CreatedBy,Title,Message,SentAt,Audience,Status,Priority
1,58,Menu Update,Check out your coin balance,1/8/2024,All Users,Escalated,High
2,29,App Version Release,Weekend flash sale starts now,11/25/2024,Admins,Dismissed,High
3,65,Operating Hours Update,Enjoy faster checkout with saved cards,8/19/2023,Loyalty Members,Escalated,Medium
4,4,Loyalty Tier Adjustment,Reminder: Update your payment info,1/25/2024,Beta Testers,Closed,High
5,59,Temporary Feature Suspension,Your order has shipped,8/13/2024,Merchants,Open,High
6,57,Feedback Survey Launch,Order ahead and skip the line.,10/13/2023,Loyalty Members,Investigating,Medium
7,67,Feature Deactivation Notice,Discount applied to your next purchase,3/19/2024,Beta Testers,Escalated,High
8,51,Rewards Expiry Notice,Important notice about reward items,2/12/2023,Support Team.,On Hold,Medium
9,6,Server Optimization,Welcome to CafeCoin!,10/26/2023,All Users,Resolved,High
10,46,Loyalty Program Update,CafeCoin turns one – celebrate with us!,12/25/2023,New Users,Escalated,Low
11,9,Operating Hours Update,CafeCoin turns one – celebrate with us!,4/24/2023,Inactive Users,Investigating,Medium
12,41,Limited Time Offer,Your account summary is ready,12/2/2024,Merchants,On Hold,Low
13,76,Feature Deactivation Notice,Weekend flash sale starts now,12/19/2024,All Users,Resolved,Low
14,7,Urgent Security Update,Discount applied to your next purchase,6/26/2024,Merchants,Dismissed,Low
15,31,Feedback Survey Launch,We've refreshed our menu!,5/28/2024,Admins,Resolved,Low
16,32,System Maintenance,Discount applied to your next purchase,12/24/2024,Beta Testers,Resolved,Medium
17,42,Mobile App Outage,Important notice about reward items,2/13/2023,Employees,On Hold,Low
18,16,Data Usage Policy,We've refreshed our menu!,3/18/2023,Beta Testers,Investigating,Low
19,11,Customer Support Downtime,Reminder: Update your payment info,2/11/2024,All Users,Escalated,Medium
20,54,Limited Time Offer,Your feedback matters – take our survey,2/18/2023,New Users,Escalated,Low
21,48,Transaction Delay Alert,Your order has shipped,2/13/2025,All Users,Closed,High
22,25,Website Maintenance,New dashboard tools for merchants,8/16/2023,Customers,Escalated,Low
23,45,Website Maintenance,Community spotlight: Featured merchants,7/13/2024,Customers,Investigating,High
24,26,Menu Update,Refer a friend and earn coins,3/8/2023,Beta Testers,Open,Low
25,44,Mobile App Outage,Account activity alert,3/16/2023,Loyalty Members,Open,Low
26,71,Auto-Reload Changes,Redeem your coins for special items,9/11/2023,Support Team.,Escalated,High
27,13,Promo Code Alert,You're close to earning a reward!,7/23/2024,Customers,Escalated,High
28,35,Holiday Schedule,Your membership level has been upgraded,2/14/2025,Inactive Users,Escalated,Low
29,56,Delivery Area Expansion,New merchant partners added,1/21/2025,Employees,Open,High
30,19,Scheduled Downtime,You're close to earning a reward!,7/18/2024,Merchants,Awaiting Customer Response,High
31,23,Scheduled Downtime,Your favorite item is back!,5/7/2024,Merchants,Closed,Low
32,28,Auto-Reload Changes,Your membership level has been upgraded,5/28/2023,New Users,Dismissed,Medium
33,60,Server Optimization,Upcoming service outage notice,10/20/2024,Employees,Resolved,Low
34,12,Email Preferences Update.,New rewards program launched,11/13/2023,Beta Testers,Open,Medium
35,37,Account Verification Notice,Your feedback matters – take our survey,4/5/2025,Support Team.,Awaiting Customer Response,Low
36,79,App Version Release,Community spotlight: Featured merchants,5/17/2024,Support Team.,Awaiting Customer Response,Medium
37,1,Point Redemption Changes,New rewards program launched,6/20/2024,New Users,Open,Low
38,80,Email Preferences Update.,Stay safe: Avoid phishing scams,12/4/2024,Support Team.,Resolved,High
39,21,Feature Testing Phase,Enjoy faster checkout with saved cards,5/30/2023,Merchants,Awaiting Customer Response,Low
40,8,System Maintenance,CafeCoin turns one – celebrate with us!,1/3/2025,Loyalty Members,Resolved,Low
41,40,Payment System Upgrade,We've updated our terms of service,11/2/2023,Admins,Escalated,Low
42,55,Auto-Reload Changes,New amenities added near you,9/4/2024,Merchants,On Hold,Low
43,14,Scheduled Downtime,You're close to earning a reward!,8/13/2024,Admins,Closed,Medium
44,36,Feedback Survey Launch,Earn double coins this weekend,7/14/2024,Beta Testers,Escalated,High
45,72,New Feature Launch,Order ahead and skip the line.,10/18/2023,Inactive Users,Escalated,Medium
46,70,Point Redemption Changes,Exclusive event invite,4/23/2024,New Users,Dismissed,Low
47,66,Service Interruption Notice,New merchant partners added,7/1/2024,Merchants,Awaiting Customer Response,Low
48,15,Email Preferences Update.,CafeCoin turns one – celebrate with us!,4/23/2024,Merchants,Dismissed,Low
49,73,System Maintenance,Your account summary is ready,6/19/2023,Inactive Users,Dismissed,Medium
50,75,Transaction Delay Alert,CafeCoin turns one – celebrate with us!,8/5/2023,Support Team.,Open,High
51,34,App Version Release,New merchant partners added,11/29/2023,Support Team.,Awaiting Customer Response,High
52,17,Holiday Schedule,Your order has shipped,6/10/2024,Inactive Users,Awaiting Customer Response,High
53,63,Coin Balance Adjustment,Enjoy faster checkout with saved cards,2/15/2024,Employees,Open,High
54,27,Reward Limit Update,Security settings changed,6/22/2023,All Users,Escalated,Medium
55,18,Loyalty Program Update,Try our seasonal drinks!,9/6/2023,Support Team.,Dismissed,High
56,24,New Feature Launch,Welcome to CafeCoin!,1/16/2024,Employees,Awaiting Customer Response,Low
57,50,Temporary Feature Suspension,New dashboard tools for merchants,1/30/2024,Inactive Users,Awaiting Customer Response,Medium
58,78,App Version Release,Faster support now available,7/23/2023,Inactive Users,Open,Medium
59,10,Menu Update,Earn double coins this weekend,5/13/2024,All Users,Escalated,Low
60,74,Point Redemption Changes,We've refreshed our menu!,7/25/2023,Beta Testers,On Hold,Medium
61,20,Email Preferences Update.,Your membership level has been upgraded,7/4/2024,Support Team.,Resolved,Low
62,69,Feature Deactivation Notice,Try our seasonal drinks!,10/23/2023,Admins,Investigating,Low
63,52,Loyalty Tier Adjustment,Check out your coin balance,12/6/2023,Beta Testers,Open,Medium
64,2,Urgent Security Update,Order ahead and skip the line.,3/12/2025,Merchants,Dismissed,High
65,64,Urgent Security Update,Don't miss our spring event,11/14/2024,Admins,On Hold,Low
66,22,Limited Time Offer,Reminder: Update your payment info,3/25/2023,Support Team.,Closed,High
67,33,Subscription Reminder,Earn double coins this weekend,9/30/2024,Employees,Dismissed,High
68,43,Server Optimization,Stay safe: Avoid phishing scams,4/2/2023,Support Team.,Closed,Low
69,49,Rewards Expiry Notice,Important notice about reward items,8/14/2024,Admins,Open,High
70,47,New Store Opening,Community spotlight: Featured merchants,12/12/2024,Inactive Users,Closed,Medium
71,68,Payment System Upgrade,Don't miss our spring event,1/14/2025,Beta Testers,Open,Medium
72,3,Website Maintenance,New feature: Order tracking,2/12/2023,Admins,On Hold,Medium
73,30,Rewards Expiry Notice,Important notice about reward items,3/7/2024,Merchants,Investigating,Medium
74,77,Website Maintenance,New rewards program launched,9/22/2023,All Users,Resolved,Low
75,53,Account Verification Notice,We've refreshed our menu!,1/25/2025,Customers,On Hold,Medium
76,62,Service Interruption Notice,System maintenance scheduled tonight,10/26/2023,Admins,On Hold,High
77,5,Feature Deactivation Notice,CafeCoin turns one – celebrate with us!,9/3/2024,Admins,Closed,Medium
78,38,Order Delay Notice,Refer a friend and earn coins,3/13/2024,Beta Testers,Escalated,High
79,61,Payment System Upgrade,New amenities added near you,1/25/2024,Beta Testers,On Hold,Low
80,39,New Feature Launch,Order ahead and skip the line.,10/4/2023,Admins,Closed,Medium
81,23,Payment System Upgrade,New amenities added near you,3/21/2024,Loyalty Members,Escalated,Medium
82,53,App Version Release,Your membership level has been upgraded,4/22/2023,Beta Testers,Dismissed,Low
83,14,Point Redemption Changes,Order ahead and skip the line.,4/17/2024,Employees,Open,Low
84,80,Email Preferences Update.,Your feedback matters – take our survey,1/4/2024,All Users,Investigating,Low
85,32,Customer Support Downtime,Thank you for being a loyal customer,7/25/2023,All Users,Dismissed,High
86,78,Coin Balance Adjustment,Exclusive event invite,9/21/2024,Admins,Awaiting Customer Response,Low
87,1,Payment System Upgrade,Enjoy faster checkout with saved cards,3/20/2025,Admins,Investigating,High
88,68,Feature Testing Phase,System maintenance scheduled tonight,2/15/2023,Loyalty Members,Escalated,Medium
89,59,New Feature Launch,Account activity alert,8/23/2024,Employees,Open,High
90,8,Email Preferences Update.,System maintenance scheduled tonight,3/10/2025,Admins,Resolved,Medium
91,38,Email Preferences Update.,Account activity alert,9/12/2024,Beta Testers,Dismissed,High
92,45,New Feature Launch,Don't miss our spring event,9/6/2024,New Users,Escalated,Low
93,66,Rewards Expiry Notice,Account activity alert,2/7/2023,New Users,Awaiting Customer Response,High
94,71,New Feature Launch,Security settings changed,3/28/2024,Merchants,Dismissed,Medium
95,28,Terms & Conditions Update,Your order has shipped,6/25/2024,Loyalty Members,On Hold,Medium
96,42,Feature Testing Phase,Important notice about reward items,11/30/2024,Support Team.,Resolved,Low
97,29,Menu Update,Stay safe: Avoid phishing scams,7/14/2023,Inactive Users,Dismissed,Medium
98,51,Feedback Survey Launch,Your feedback matters – take our survey,8/29/2023,Loyalty Members,Dismissed,High
99,54,Feature Deactivation Notice,New rewards program launched,5/29/2023,All Users,Dismissed,Low
100,9,Loyalty Program Update,Important notice about reward items,12/19/2024,Merchants,Investigating,High
101,40,Holiday Schedule,Redeem your coins for special items,2/11/2025,All Users,Investigating,Medium
102,2,New Store Opening,App update now available,5/4/2023,All Users,On Hold,Medium
103,15,Mobile App Outage,Thank you for being a loyal customer,7/30/2024,All Users,Open,Medium
104,37,Staff Training Announcement,Upcoming service outage notice,11/22/2023,Employees,Escalated,High
105,44,Loyalty Program Update,Security settings changed,7/15/2023,Merchants,Investigating,High
106,33,Coin Balance Adjustment,App update now available,3/5/2025,Support Team.,Closed,Low
107,63,New Store Opening,Redeem your coins for special items,9/28/2024,Admins,Resolved,High
108,48,Email Preferences Update.,We've refreshed our menu!,10/8/2023,Beta Testers,Awaiting Customer Response,Low
109,7,Order Delay Notice,Your membership level has been upgraded,11/29/2024,New Users,On Hold,High
110,52,Loyalty Program Update,Stay safe: Avoid phishing scams,1/28/2024,All Users,Dismissed,Low
111,77,Server Optimization,Your account summary is ready,3/17/2023,Support Team.,Resolved,Low
112,46,Subscription Reminder,New merchant partners added,4/20/2023,Loyalty Members,Closed,Medium
113,12,Feature Deactivation Notice,Your order has shipped,3/4/2025,Loyalty Members,Investigating,Medium
114,79,Coin Balance Adjustment,Check out your coin balance,5/18/2023,New Users,On Hold,Low
115,34,Rewards Expiry Notice,Your account summary is ready,10/26/2023,Support Team.,Escalated,Low
116,72,Loyalty Tier Adjustment,Discount applied to your next purchase,2/6/2024,Merchants,Awaiting Customer Response,Medium
117,67,Subscription Reminder,New rewards program launched,1/20/2023,Merchants,Resolved,Medium
118,50,Email Preferences Update.,Account activity alert,6/1/2023,Inactive Users,Open,High
119,70,Subscription Reminder,Your favorite item is back!,12/27/2023,Merchants,Open,High
120,64,Coin Balance Adjustment,System maintenance scheduled tonight,3/20/2023,Beta Testers,On Hold,High
121,22,Terms & Conditions Update,System maintenance scheduled tonight,1/20/2023,All Users,Dismissed,Medium
122,16,Delivery Area Expansion,Refer a friend and earn coins,6/10/2024,New Users,Open,Medium
123,21,New Feature Launch,New merchant partners added,12/23/2024,New Users,Dismissed,High
124,57,Urgent Security Update,CafeCoin turns one – celebrate with us!,4/28/2023,Loyalty Members,Open,Low
125,60,Account Verification Notice,Your order has shipped,5/10/2023,Merchants,Open,Low
126,10,Staff Training Announcement,Try our seasonal drinks!,3/9/2023,Loyalty Members,Resolved,High
127,75,New Store Opening,Upcoming service outage notice,7/6/2024,Support Team.,On Hold,High
128,20,Temporary Feature Suspension,Welcome to CafeCoin!,3/31/2023,Merchants,Resolved,High
129,27,Mobile App Outage,System maintenance scheduled tonight,3/12/2025,All Users,On Hold,High
130,74,Policy Changes,Your feedback matters – take our survey,6/8/2024,Loyalty Members,Open,High
131,43,Policy Changes,Redeem your coins for special items,8/26/2024,Employees,Awaiting Customer Response,High
132,49,Point Redemption Changes,CafeCoin turns one – celebrate with us!,1/12/2025,Admins,Escalated,Low
133,36,App Version Release,Reminder: Update your payment info,10/1/2024,Support Team.,Closed,Medium
134,4,Scheduled Downtime,Security settings changed,10/1/2023,New Users,Awaiting Customer Response,High
135,76,Temporary Feature Suspension,Security settings changed,12/16/2023,New Users,Resolved,High
136,58,Mobile App Outage,Discount applied to your next purchase,6/12/2023,Employees,Open,Low
137,24,Holiday Schedule,Thank you for being a loyal customer,1/9/2025,Merchants,Investigating,Medium
138,6,Operating Hours Update,Stay safe: Avoid phishing scams,6/27/2023,All Users,Dismissed,Medium
139,55,Scheduled Downtime,Weekend flash sale starts now,5/15/2024,Customers,Escalated,High
140,25,Customer Support Downtime,Discount applied to your next purchase,8/26/2024,All Users,Escalated,Medium
141,18,Feature Testing Phase,Try our seasonal drinks!,2/18/2024,Beta Testers,Resolved,Low
142,41,Server Optimization,You're close to earning a reward!,7/30/2023,All Users,Open,High
143,56,Customer Support Downtime,Earn double coins this weekend,2/13/2023,Beta Testers,Investigating,Low
144,17,Coin Balance Adjustment,Reminder: Update your payment info,9/13/2023,Support Team.,Open,Medium
145,61,Feature Deactivation Notice,Discount applied to your next purchase,3/21/2024,Beta Testers,Investigating,High
146,13,System Maintenance,CafeCoin turns one – celebrate with us!,5/12/2024,New Users,Resolved,High
147,11,Mobile App Outage,Stay safe: Avoid phishing scams,4/10/2025,Merchants,Dismissed,High
148,73,App Version Release,Your order has shipped,7/25/2023,Admins,Dismissed,High
149,62,Transaction Delay Alert,New dashboard tools for merchants,6/13/2023,Employees,On Hold,High
150,19,Temporary Feature Suspension,New rewards program launched,6/20/2024,Loyalty Members,On Hold,Medium
151,31,Holiday Schedule,New rewards program launched,2/9/2025,New Users,Dismissed,High
152,3,Reward Limit Update,Check out your coin balance,1/16/2024,Merchants,Awaiting Customer Response,High
153,26,Order Delay Notice,Your account summary is ready,10/12/2024,Admins,Resolved,Medium
154,39,Payment System Upgrade,App update now available,4/29/2023,Employees,Resolved,High
155,47,Bug Fix Announcement,Check out your coin balance,10/27/2023,Admins,Escalated,Low
156,35,Order Delay Notice,Limited-time offer available,8/12/2024,Beta Testers,Escalated,Low
157,5,Point Redemption Changes,Redeem your coins for special items,2/16/2024,Admins,Resolved,Medium
158,69,Bug Fix Announcement,Exclusive event invite,2/16/2024,New Users,Closed,Low
159,30,Feedback Survey Launch,Check out your coin balance,12/21/2024,Admins,Dismissed,Medium
160,65,Staff Training Announcement,Try our seasonal drinks!,8/10/2024,Loyalty Members,Dismissed,Low
161,31,Menu Update,Refer a friend and earn coins,8/13/2023,Support Team.,Dismissed,Low
162,76,New Store Opening,Community spotlight: Featured merchants,8/8/2023,Merchants,Resolved,Low
163,78,Loyalty Program Update,Your order has shipped,12/27/2023,Beta Testers,Investigating,Medium
164,56,Data Usage Policy,Enjoy faster checkout with saved cards,10/9/2024,Customers,Resolved,Low
165,74,Transaction Delay Alert,Limited-time offer available,6/4/2023,Beta Testers,Dismissed,Low
166,69,Staff Training Announcement,Community spotlight: Featured merchants,9/4/2023,Beta Testers,Closed,Low
167,20,Promo Code Alert,System maintenance scheduled tonight,4/5/2024,Inactive Users,Resolved,High
168,6,Subscription Reminder,Upcoming service outage notice,5/22/2023,New Users,Resolved,High
169,35,Promo Code Alert,Account activity alert,9/14/2024,Employees,Dismissed,High
170,30,Rewards Expiry Notice,Your favorite item is back!,4/11/2023,New Users,Awaiting Customer Response,Medium
171,13,App Version Release,Try our seasonal drinks!,8/13/2023,Beta Testers,Resolved,High
172,37,Policy Changes,Exclusive event invite,2/9/2023,Beta Testers,Escalated,Medium
173,1,Delivery Area Expansion,Don't miss our spring event,4/29/2023,Loyalty Members,Closed,High
174,73,Point Redemption Changes,Redeem your coins for special items,8/19/2023,All Users,Investigating,Low
175,62,Transaction Delay Alert,Try our seasonal drinks!,1/6/2025,Support Team.,Awaiting Customer Response,Medium
176,9,Transaction Delay Alert,New shop locations added,9/8/2024,Support Team.,Closed,High
177,36,Feature Testing Phase,CafeCoin turns one – celebrate with us!,8/11/2023,Merchants,Closed,High
178,15,New Store Opening,Welcome to CafeCoin!,7/14/2023,Admins,Awaiting Customer Response,Low
179,33,Server Optimization,Weekend flash sale starts now,12/13/2024,Inactive Users,Open,High
180,41,Loyalty Tier Adjustment,New shop locations added,12/15/2023,Inactive Users,Closed,Medium
181,32,Feedback Survey Launch,Important notice about reward items,2/25/2025,All Users,Awaiting Customer Response,Low
182,26,System Maintenance,You're close to earning a reward!,4/18/2024,Inactive Users,Resolved,High
183,18,Promo Code Alert,You're close to earning a reward!,7/26/2023,Beta Testers,Resolved,Low
184,5,Customer Support Downtime,Limited-time offer available,5/29/2023,All Users,Investigating,High
185,39,Operating Hours Update,Discount applied to your next purchase,4/3/2023,All Users,Closed,Medium
186,2,Data Usage Policy,Enjoy faster checkout with saved cards,6/14/2024,Customers,Investigating,Medium
187,42,Email Preferences Update.,Account activity alert,2/22/2023,Support Team.,Resolved,Medium
188,55,Staff Training Announcement,Redeem your coins for special items,1/13/2025,Loyalty Members,Investigating,Medium
189,53,App Version Release,New dashboard tools for merchants,4/16/2023,Inactive Users,Investigating,Medium
190,50,Data Usage Policy,Don't miss our spring event,5/21/2024,Merchants,Dismissed,Medium
191,19,Order Delay Notice,Check out your coin balance,1/15/2025,Employees,On Hold,High
192,68,Terms & Conditions Update,New feature: Order tracking,8/26/2024,Inactive Users,On Hold,Medium
193,34,Feature Deactivation Notice,Upcoming service outage notice,3/30/2025,Inactive Users,Closed,Low
194,65,Coin Balance Adjustment,We've updated our terms of service,1/23/2024,Support Team.,Awaiting Customer Response,Low
195,7,Terms & Conditions Update,Stay safe: Avoid phishing scams,11/10/2023,New Users,Investigating,High
196,79,Policy Changes,Thank you for being a loyal customer,11/12/2024,Merchants,Open,High
197,17,Reward Limit Update,Community spotlight: Featured merchants,1/31/2023,Admins,Open,Low
198,38,Maintenance Completed,Your membership level has been upgraded,6/9/2024,Inactive Users,Resolved,High
199,63,Staff Training Announcement,New merchant partners added,3/21/2024,Loyalty Members,Dismissed,High
200,61,Holiday Schedule,View your transaction history online,2/2/2025,Admins,Investigating,Medium
201,67,Feedback Survey Launch,Account activity alert,4/8/2025,Merchants,Investigating,High
202,70,Account Verification Notice,We've updated our terms of service,3/29/2024,All Users,Closed,High
203,80,Website Maintenance,Upcoming service outage notice,9/18/2023,Support Team.,Open,Low
204,43,Maintenance Completed,Your membership level has been upgraded,9/11/2023,Merchants,Open,High
205,71,Reward Limit Update,Redeem your coins for special items,1/27/2025,Admins,Investigating,High
206,57,Feedback Survey Launch,View your transaction history online,8/31/2024,Customers,Open,High
207,54,Urgent Security Update,New merchant partners added,1/9/2024,New Users,Dismissed,Low
208,75,Coin Balance Adjustment,New shop locations added,6/8/2023,Loyalty Members,Investigating,Low
209,52,Holiday Schedule,Your order has shipped,2/3/2023,Admins,Awaiting Customer Response,Low
210,16,App Version Release,New feature: Order tracking,10/18/2023,Inactive Users,On Hold,High
211,11,Limited Time Offer,System maintenance scheduled tonight,12/11/2024,Employees,Closed,Low
212,48,Operating Hours Update,You're close to earning a reward!,7/12/2024,Employees,Investigating,High
213,29,Staff Training Announcement,Security settings changed,1/23/2025,Inactive Users,Closed,Low
214,45,Bug Fix Announcement,New shop locations added,12/25/2024,Customers,On Hold,Low
215,3,Feature Testing Phase,CafeCoin turns one – celebrate with us!,11/29/2024,All Users,Investigating,Low
216,47,New Feature Launch,Redeem your coins for special items,7/11/2023,Customers,On Hold,Medium
217,49,Delivery Area Expansion,CafeCoin turns one – celebrate with us!,12/24/2024,Support Team.,Open,Low
218,14,Feedback Survey Launch,We've updated our terms of service,8/22/2024,Merchants,On Hold,Low
219,10,Delivery Area Expansion,Your favorite item is back!,10/2/2023,Inactive Users,Closed,High
220,72,Email Preferences Update.,Reminder: Update your payment info,3/12/2024,Customers,Dismissed,Low
221,22,Staff Training Announcement,Your membership level has been upgraded,2/10/2024,Support Team.,Dismissed,High
222,21,Temporary Feature Suspension,Account activity alert,3/31/2025,Support Team.,Investigating,Medium
223,58,New Feature Launch,Exclusive event invite,6/26/2023,Customers,Dismissed,Medium
224,40,Point Redemption Changes,New dashboard tools for merchants,7/9/2023,Support Team.,Awaiting Customer Response,Low
225,4,Auto-Reload Changes,Exclusive event invite,5/25/2023,Beta Testers,On Hold,Low
226,60,Loyalty Program Update,We've updated our terms of service,12/5/2024,All Users,Investigating,Low
227,27,Website Maintenance,Security settings changed,10/29/2024,All Users,Resolved,High
228,24,System Maintenance,Faster support now available,9/23/2024,All Users,Investigating,Medium
229,25,Feedback Survey Launch,New amenities added near you,1/29/2023,Inactive Users,Escalated,High
230,64,Policy Changes,Exclusive event invite,1/10/2023,Beta Testers,Investigating,Low
231,77,System Maintenance,Redeem your coins for special items,6/5/2023,Admins,Investigating,Medium
232,28,Feedback Survey Launch,Account activity alert,10/21/2023,Inactive Users,Closed,Low
233,51,New Feature Launch,New dashboard tools for merchants,8/25/2024,Beta Testers,Escalated,Low
234,66,Menu Update,Your membership level has been upgraded,6/22/2024,Employees,Dismissed,Low
235,23,Payment System Upgrade,Stay safe: Avoid phishing scams,8/11/2023,New Users,Awaiting Customer Response,Low
236,59,Delivery Area Expansion,Your order has shipped,8/7/2023,All Users,Dismissed,Low
237,46,Holiday Schedule,New rewards program launched,12/13/2023,Support Team.,Closed,Low
238,12,System Maintenance,Earn double coins this weekend,8/17/2024,Merchants,Escalated,High
239,8,Server Optimization,CafeCoin turns one – celebrate with us!,7/28/2024,Support Team.,Escalated,Low
240,44,Mobile App Outage,New shop locations added,12/28/2023,Beta Testers,Investigating,Medium
241,79,New Store Opening,We've refreshed our menu!,5/19/2024,Employees,On Hold,Low
242,52,Order Delay Notice,Limited-time offer available,1/8/2023,Admins,Awaiting Customer Response,High
243,70,Operating Hours Update,Discount applied to your next purchase,5/14/2023,Loyalty Members,Resolved,Medium
244,54,Mobile App Outage,New amenities added near you,9/14/2024,Support Team.,Investigating,Medium
245,4,Loyalty Tier Adjustment,App update now available,3/6/2025,All Users,Open,Low
246,45,Order Delay Notice,Stay safe: Avoid phishing scams,6/4/2024,Customers,Escalated,Low
247,22,Mobile App Outage,Your order has shipped,10/27/2023,Merchants,Investigating,High
248,42,Email Preferences Update.,New dashboard tools for merchants,1/25/2025,Employees,Open,Low
249,63,Auto-Reload Changes,New rewards program launched,3/5/2024,Customers,Closed,High
250,18,App Version Release,System maintenance scheduled tonight,12/15/2024,Customers,Awaiting Customer Response,Medium
251,59,Bug Fix Announcement,Your membership level has been upgraded,8/15/2024,All Users,Escalated,Medium
252,7,Promo Code Alert,Account activity alert,6/13/2023,Beta Testers,Investigating,Low
253,53,Loyalty Tier Adjustment,New rewards program launched,12/30/2023,Loyalty Members,Investigating,Low
254,38,Limited Time Offer,Limited-time offer available,5/29/2023,Admins,Investigating,Medium
255,51,Point Redemption Changes,Account activity alert,3/5/2024,Support Team.,Closed,Low
256,50,Server Optimization,New merchant partners added,3/21/2025,Support Team.,Open,Medium
257,36,New Feature Launch,Try our seasonal drinks!,10/27/2024,Support Team.,Escalated,High
258,57,Loyalty Program Update,Your favorite item is back!,9/19/2023,Support Team.,Investigating,Low
259,20,Order Delay Notice,Your account summary is ready,3/7/2023,Loyalty Members,Awaiting Customer Response,Low
260,11,Coin Balance Adjustment,Try our seasonal drinks!,5/31/2023,Inactive Users,Awaiting Customer Response,Medium
261,12,Temporary Feature Suspension,New amenities added near you,3/25/2023,Merchants,Awaiting Customer Response,Low
262,74,Server Optimization,Enjoy faster checkout with saved cards,8/25/2023,Inactive Users,Resolved,Low
263,47,Feature Testing Phase,Your favorite item is back!,1/19/2025,All Users,On Hold,Low
264,46,Delivery Area Expansion,Welcome to CafeCoin!,2/20/2023,Loyalty Members,Dismissed,Medium
265,10,Email Preferences Update.,New merchant partners added,11/14/2023,Beta Testers,Awaiting Customer Response,Low
266,13,Staff Training Announcement,Upcoming service outage notice,6/22/2024,Inactive Users,Open,High
267,37,Staff Training Announcement,Important notice about reward items,11/4/2023,Employees,Dismissed,High
268,6,Account Verification Notice,Try our seasonal drinks!,5/22/2023,Beta Testers,Escalated,Low
269,30,Coin Balance Adjustment,Exclusive event invite,2/29/2024,Inactive Users,Awaiting Customer Response,Low
270,1,Mobile App Outage,Faster support now available,8/22/2023,Support Team.,Open,Medium
271,76,New Feature Launch,Thank you for being a loyal customer,2/17/2023,Merchants,Awaiting Customer Response,Medium
272,41,Coin Balance Adjustment,New amenities added near you,11/30/2024,Beta Testers,Open,High
273,49,Rewards Expiry Notice,Community spotlight: Featured merchants,12/27/2023,Support Team.,On Hold,Low
274,80,Rewards Expiry Notice,Discount applied to your next purchase,12/18/2023,Employees,Investigating,High
275,35,Account Verification Notice,Stay safe: Avoid phishing scams,4/23/2024,Merchants,Investigating,High
276,39,Maintenance Completed,Enjoy faster checkout with saved cards,4/1/2023,Support Team.,Dismissed,Low
277,29,Feature Testing Phase,Community spotlight: Featured merchants,7/31/2023,Customers,Resolved,Low
278,31,Scheduled Downtime,CafeCoin turns one – celebrate with us!,10/11/2023,Support Team.,Resolved,Medium
279,23,System Maintenance,System maintenance scheduled tonight,1/30/2023,Beta Testers,Escalated,High
280,8,Bug Fix Announcement,Your favorite item is back!,1/2/2024,All Users,On Hold,High
281,40,Urgent Security Update,New amenities added near you,1/2/2024,Merchants,Escalated,Low
282,64,New Store Opening,Exclusive event invite,4/3/2024,Support Team.,Open,Low
283,44,Reward Limit Update,App update now available,9/27/2023,Customers,Closed,High
284,75,Data Usage Policy,Exclusive event invite,4/15/2024,Customers,Closed,High
285,58,Maintenance Completed,New merchant partners added,6/13/2023,Employees,On Hold,Medium
286,48,Loyalty Program Update,CafeCoin turns one – celebrate with us!,9/29/2023,Merchants,Open,Medium
287,5,Loyalty Tier Adjustment,Try our seasonal drinks!,8/31/2023,New Users,On Hold,High
288,2,Staff Training Announcement,Community spotlight: Featured merchants,10/8/2024,Loyalty Members,Resolved,Low
289,62,Delivery Area Expansion,View your transaction history online,9/15/2024,All Users,Closed,Medium
290,28,Holiday Schedule,Faster support now available,2/24/2024,Support Team.,On Hold,Low
291,3,Service Interruption Notice,Try our seasonal drinks!,6/20/2024,Beta Testers,Dismissed,High
292,27,Website Maintenance,Your order has shipped,10/31/2024,Inactive Users,Escalated,Medium
293,16,New Store Opening,Earn double coins this weekend,3/20/2025,Merchants,Closed,Low
294,72,Account Verification Notice,Don't miss our spring event,6/28/2023,Beta Testers,Escalated,Medium
295,33,Email Preferences Update.,Welcome to CafeCoin!,10/24/2024,Beta Testers,Closed,Low
296,34,Transaction Delay Alert,System maintenance scheduled tonight,11/11/2023,Beta Testers,Open,Low
297,9,Urgent Security Update,Account activity alert,8/13/2023,New Users,Closed,Low
298,68,Service Interruption Notice,Security settings changed,11/16/2023,Beta Testers,Dismissed,High
299,56,Subscription Reminder,We've updated our terms of service,2/20/2023,Admins,On Hold,Medium
300,32,Staff Training Announcement,Check out your coin balance,3/9/2024,Employees,Closed,Low
301,55,Menu Update,Earn double coins this weekend,11/13/2024,New Users,Investigating,Medium
302,43,Reward Limit Update,Try our seasonal drinks!,3/26/2024,Inactive Users,Open,High
303,21,Payment System Upgrade,System maintenance scheduled tonight,1/30/2023,New Users,On Hold,Medium
304,24,Service Interruption Notice,Limited-time offer available,4/2/2024,Admins,Awaiting Customer Response,Low
305,15,Feedback Survey Launch,New amenities added near you,6/19/2024,Support Team.,Awaiting Customer Response,Low
306,67,Service Interruption Notice,Refer a friend and earn coins,7/17/2024,Customers,Resolved,High
307,17,Promo Code Alert,Earn double coins this weekend,9/18/2024,New Users,Dismissed,High
308,26,App Version Release,Important notice about reward items,5/12/2023,Inactive Users,Awaiting Customer Response,High
309,65,Auto-Reload Changes,Order ahead and skip the line.,5/23/2024,Admins,Investigating,Low
310,78,Service Interruption Notice,New amenities added near you,7/11/2023,Support Team.,Awaiting Customer Response,Medium
311,73,Server Optimization,Welcome to CafeCoin!,9/20/2024,All Users,On Hold,Medium
312,69,Server Optimization,Faster support now available,10/3/2023,New Users,Awaiting Customer Response,Low
313,14,Holiday Schedule,New merchant partners added,5/11/2023,New Users,Dismissed,Medium
314,77,Point Redemption Changes,Try our seasonal drinks!,4/2/2025,Admins,Closed,High
315,71,Loyalty Tier Adjustment,Exclusive event invite,8/6/2023,Loyalty Members,Investigating,Medium
316,19,Bug Fix Announcement,Stay safe: Avoid phishing scams,5/22/2023,All Users,Escalated,Medium
317,25,Terms & Conditions Update,You're close to earning a reward!,2/16/2024,Merchants,Awaiting Customer Response,High
318,60,Feature Testing Phase,Upcoming service outage notice,11/19/2024,All Users,Resolved,Low
319,61,Loyalty Tier Adjustment,We've updated our terms of service,2/9/2025,Beta Testers,Open,High
320,66,Server Optimization,Your feedback matters – take our survey,9/6/2024,Support Team.,Closed,Low
321,16,Transaction Delay Alert,Community spotlight: Featured merchants,2/6/2025,Customers,Escalated,Low
322,43,Urgent Security Update,Try our seasonal drinks!,6/6/2024,Admins,Resolved,High
323,21,Subscription Reminder,Reminder: Update your payment info,1/24/2025,New Users,Dismissed,Medium
324,56,Scheduled Downtime,Your favorite item is back!,5/8/2023,Beta Testers,Investigating,Medium
325,25,Loyalty Tier Adjustment,View your transaction history online,10/3/2023,Inactive Users,Dismissed,Medium
326,74,Reward Limit Update,Account activity alert,12/26/2023,Employees,Awaiting Customer Response,Medium
327,17,Feedback Survey Launch,Discount applied to your next purchase,5/27/2023,All Users,Awaiting Customer Response,Low
328,8,Bug Fix Announcement,Limited-time offer available,12/16/2023,Inactive Users,Resolved,Low
329,6,Delivery Area Expansion,New dashboard tools for merchants,12/10/2024,Beta Testers,Resolved,Medium
330,54,Feature Testing Phase,We've updated our terms of service,2/15/2025,All Users,On Hold,High
331,9,New Store Opening,We've updated our terms of service,3/11/2023,Support Team.,Investigating,Low
332,45,Menu Update,Redeem your coins for special items,4/19/2023,Support Team.,Dismissed,Low
333,80,Scheduled Downtime,Earn double coins this weekend,10/4/2024,Admins,Closed,High
334,2,Feature Testing Phase,System maintenance scheduled tonight,5/31/2024,Admins,Awaiting Customer Response,High
335,60,Temporary Feature Suspension,New amenities added near you,1/18/2024,Admins,Dismissed,Low
336,72,Email Preferences Update.,Exclusive event invite,7/11/2023,New Users,Dismissed,Low
337,65,Loyalty Program Update,Community spotlight: Featured merchants,5/23/2024,Support Team.,Awaiting Customer Response,Medium
338,39,Holiday Schedule,Welcome to CafeCoin!,4/24/2023,Employees,Open,High
339,55,Bug Fix Announcement,Stay safe: Avoid phishing scams,12/12/2023,Beta Testers,Dismissed,High
340,58,Mobile App Outage,Upcoming service outage notice,12/28/2023,Inactive Users,Closed,High
341,36,Coin Balance Adjustment,We've refreshed our menu!,5/2/2023,Customers,Dismissed,High
342,19,Operating Hours Update,Important notice about reward items,5/1/2024,All Users,Awaiting Customer Response,High
343,63,Payment System Upgrade,New feature: Order tracking,2/19/2025,Employees,Closed,Medium
344,40,New Feature Launch,New amenities added near you,1/17/2025,Support Team.,Closed,Low
345,50,Mobile App Outage,Redeem your coins for special items,6/15/2024,Loyalty Members,Awaiting Customer Response,Low
346,15,Feature Deactivation Notice,Faster support now available,1/15/2025,Admins,Investigating,High
347,53,Operating Hours Update,You're close to earning a reward!,2/4/2025,Beta Testers,On Hold,Low
348,78,Bug Fix Announcement,Your order has shipped,7/3/2024,Customers,Closed,Medium
349,1,Rewards Expiry Notice,New shop locations added,1/5/2025,Inactive Users,Escalated,Low
350,34,Payment System Upgrade,We've updated our terms of service,11/11/2024,All Users,Dismissed,High
351,49,Limited Time Offer,Your account summary is ready,7/19/2023,Admins,Closed,Low
352,23,Customer Support Downtime,Reminder: Update your payment info,12/12/2023,Merchants,On Hold,Low
353,20,Policy Changes,Discount applied to your next purchase,6/7/2023,Support Team.,Awaiting Customer Response,High
354,70,Feature Testing Phase,New merchant partners added,3/25/2023,New Users,Escalated,Medium
355,33,Terms & Conditions Update,View your transaction history online,3/24/2024,New Users,Dismissed,High
356,30,Feature Testing Phase,Refer a friend and earn coins,4/12/2024,Customers,Escalated,Low
357,46,Holiday Schedule,Community spotlight: Featured merchants,3/21/2024,Loyalty Members,Investigating,Medium
358,62,Payment System Upgrade,Don't miss our spring event,11/17/2023,Admins,Escalated,High
359,38,Auto-Reload Changes,Faster support now available,6/6/2024,Support Team.,Awaiting Customer Response,Medium
360,29,Terms & Conditions Update,Thank you for being a loyal customer,3/25/2024,Beta Testers,Closed,Medium
361,77,Website Maintenance,App update now available,1/9/2025,New Users,Awaiting Customer Response,High
362,66,App Version Release,Exclusive event invite,7/25/2023,New Users,Dismissed,Low
363,26,Temporary Feature Suspension,Your favorite item is back!,12/15/2023,New Users,Open,Medium
364,13,Payment System Upgrade,Upcoming service outage notice,2/23/2025,Employees,Dismissed,High
365,69,Email Preferences Update.,New feature: Order tracking,12/13/2023,Support Team.,Dismissed,High
366,57,Order Delay Notice,Enjoy faster checkout with saved cards,2/15/2023,All Users,Resolved,High
367,32,Staff Training Announcement,Faster support now available,11/28/2023,Support Team.,Resolved,Medium
368,10,Auto-Reload Changes,New amenities added near you,2/15/2025,Support Team.,Closed,High
369,48,Website Maintenance,Upcoming service outage notice,4/22/2023,Inactive Users,Closed,Low
370,14,Account Verification Notice,Stay safe: Avoid phishing scams,12/10/2024,Support Team.,Closed,Medium
371,41,Operating Hours Update,Your favorite item is back!,10/26/2023,Inactive Users,Resolved,Low
372,76,App Version Release,Exclusive event invite,2/3/2024,Customers,Closed,Medium
373,24,Point Redemption Changes,Important notice about reward items,2/13/2025,Loyalty Members,Resolved,Low
374,5,Service Interruption Notice,Your favorite item is back!,9/14/2024,New Users,Open,Medium
375,47,Website Maintenance,View your transaction history online,4/21/2023,Customers,Dismissed,Medium
376,71,Server Optimization,Earn double coins this weekend,10/17/2023,Customers,Resolved,Medium
377,31,Staff Training Announcement,Welcome to CafeCoin!,7/15/2024,Admins,Investigating,Medium
378,73,Menu Update,View your transaction history online,3/29/2023,New Users,Awaiting Customer Response,High
379,27,Data Usage Policy,Account activity alert,4/18/2023,Support Team.,Resolved,Low
380,12,Payment System Upgrade,System maintenance scheduled tonight,4/24/2024,All Users,Dismissed,Low
381,7,Maintenance Completed,Check out your coin balance,9/28/2024,New Users,Open,High
382,22,Account Verification Notice,Welcome to CafeCoin!,11/29/2024,All Users,On Hold,Medium
383,18,Urgent Security Update,Exclusive event invite,5/15/2024,All Users,Investigating,High
384,52,Terms & Conditions Update,Welcome to CafeCoin!,2/11/2025,Inactive Users,On Hold,Medium
385,42,New Feature Launch,Your favorite item is back!,3/6/2024,Support Team.,Dismissed,Low
386,3,Server Optimization,Your account summary is ready,4/8/2025,Admins,Open,Medium
387,68,Mobile App Outage,We've refreshed our menu!,1/26/2025,Inactive Users,On Hold,Low
388,11,Policy Changes,Your account summary is ready,1/29/2025,Employees,Resolved,Medium
389,67,Terms & Conditions Update,Reminder: Update your payment info,7/23/2023,Merchants,Awaiting Customer Response,High
390,37,Menu Update,Weekend flash sale starts now,1/15/2025,Customers,Escalated,Low
391,28,Mobile App Outage,Try our seasonal drinks!,2/27/2024,Loyalty Members,On Hold,Medium
392,4,App Version Release,Discount applied to your next purchase,12/26/2024,Beta Testers,Investigating,Medium
393,51,Service Interruption Notice,Community spotlight: Featured merchants,4/10/2023,Merchants,Open,Medium
394,44,Loyalty Tier Adjustment,New amenities added near you,5/22/2024,Support Team.,Escalated,Low
395,61,Feedback Survey Launch,Community spotlight: Featured merchants,12/11/2024,Loyalty Members,Awaiting Customer Response,High
396,59,Holiday Schedule,Welcome to CafeCoin!,3/20/2023,Beta Testers,Investigating,Low
397,35,Staff Training Announcement,Upcoming service outage notice,3/27/2023,Merchants,Investigating,Medium
398,64,Rewards Expiry Notice,We've updated our terms of service,10/30/2024,Employees,Open,Medium
399,75,Loyalty Program Update,Your membership level has been upgraded,10/9/2023,New Users,Dismissed,Medium
400,30,Coin Balance Adjustment,New merchant partners added,3/17/2023,All Users,Investigating,Medium
401,38,Rewards Expiry Notice,Your feedback matters – take our survey,11/4/2024,Customers,Open,Low
402,5,Temporary Feature Suspension,Reminder: Update your payment info,1/4/2024,Customers,On Hold,High
403,48,Maintenance Completed,Your order has shipped,1/20/2024,Employees,Dismissed,High
404,17,Holiday Schedule,Faster support now available,4/28/2023,Loyalty Members,On Hold,High
405,62,New Feature Launch,New dashboard tools for merchants,1/11/2025,Customers,Escalated,Medium
406,29,Menu Update,Upcoming service outage notice,6/14/2023,Support Team.,Open,Low
407,58,Point Redemption Changes,Your account summary is ready,12/18/2023,Customers,Resolved,High
408,56,Urgent Security Update,Earn double coins this weekend,9/12/2024,Beta Testers,On Hold,Medium
409,31,Feature Testing Phase,Welcome to CafeCoin!,5/5/2024,Beta Testers,Resolved,Medium
410,77,Mobile App Outage,Reminder: Update your payment info,3/26/2023,Loyalty Members,Awaiting Customer Response,Low
411,28,Transaction Delay Alert,Discount applied to your next purchase,5/3/2023,Support Team.,Escalated,Medium
412,80,New Store Opening,Security settings changed,1/10/2025,Inactive Users,On Hold,Medium
413,3,Reward Limit Update,Enjoy faster checkout with saved cards,1/13/2025,Customers,Resolved,Medium
414,59,App Version Release,Discount applied to your next purchase,7/2/2023,Support Team.,Closed,High
415,73,Feedback Survey Launch,Reminder: Update your payment info,2/4/2024,Customers,On Hold,Low
416,16,Operating Hours Update,Refer a friend and earn coins,12/17/2023,Inactive Users,On Hold,Medium
417,50,Policy Changes,Weekend flash sale starts now,5/27/2024,New Users,Investigating,Low
418,2,Delivery Area Expansion,Your favorite item is back!,4/9/2025,Employees,Dismissed,Low
419,71,Point Redemption Changes,CafeCoin turns one – celebrate with us!,3/14/2023,Merchants,On Hold,High
420,47,Feature Deactivation Notice,Refer a friend and earn coins,9/4/2023,New Users,Investigating,Medium
421,44,Rewards Expiry Notice,Try our seasonal drinks!,8/24/2024,Admins,Awaiting Customer Response,Low
422,4,Loyalty Program Update,Refer a friend and earn coins,10/8/2023,Customers,Closed,Low
423,1,App Version Release,Important notice about reward items,6/9/2024,Support Team.,On Hold,Low
424,67,Delivery Area Expansion,You're close to earning a reward!,8/8/2024,Support Team.,Investigating,Low
425,36,Loyalty Tier Adjustment,System maintenance scheduled tonight,12/12/2024,Admins,Investigating,High
426,13,Menu Update,Important notice about reward items,12/4/2023,Beta Testers,On Hold,High
427,75,Mobile App Outage,Your favorite item is back!,6/17/2024,Admins,Open,Low
428,8,Reward Limit Update,Your favorite item is back!,9/20/2023,Inactive Users,Awaiting Customer Response,Low
429,42,Feature Testing Phase,Community spotlight: Featured merchants,2/19/2023,Beta Testers,Investigating,High
430,53,Order Delay Notice,Weekend flash sale starts now,1/31/2024,Merchants,Closed,High
431,7,Email Preferences Update.,Your favorite item is back!,2/25/2025,Inactive Users,Resolved,Low
432,70,Scheduled Downtime,Important notice about reward items,6/3/2024,New Users,Resolved,Medium
433,39,Maintenance Completed,New feature: Order tracking,1/8/2025,Merchants,Investigating,Medium
434,54,Operating Hours Update,Security settings changed,1/26/2023,Admins,Awaiting Customer Response,High
435,49,Menu Update,Welcome to CafeCoin!,12/24/2023,All Users,Investigating,Low
436,43,Terms & Conditions Update,Upcoming service outage notice,3/8/2023,New Users,Open,High
437,18,Temporary Feature Suspension,Limited-time offer available,11/22/2023,Merchants,Investigating,High
438,66,Menu Update,Check out your coin balance,10/5/2024,Support Team.,Open,Low
439,25,App Version Release,Upcoming service outage notice,2/17/2024,All Users,On Hold,Medium
440,21,Mobile App Outage,View your transaction history online,5/14/2024,New Users,Closed,Low
441,33,Operating Hours Update,Reminder: Update your payment info,7/8/2023,Support Team.,Open,Low
442,22,Menu Update,We've refreshed our menu!,5/12/2024,Admins,Resolved,High
443,35,Email Preferences Update.,Weekend flash sale starts now,11/9/2023,Support Team.,Open,Low
444,37,Bug Fix Announcement,Faster support now available,8/25/2024,Admins,Resolved,Low
445,61,Subscription Reminder,Discount applied to your next purchase,6/21/2024,Support Team.,Escalated,Medium
446,24,Maintenance Completed,We've refreshed our menu!,12/30/2023,All Users,Resolved,High
447,10,Data Usage Policy,Try our seasonal drinks!,4/17/2023,New Users,Awaiting Customer Response,Medium
448,76,Coin Balance Adjustment,Reminder: Update your payment info,2/20/2024,Inactive Users,Awaiting Customer Response,Low
449,34,Delivery Area Expansion,Thank you for being a loyal customer,12/28/2024,Support Team.,Resolved,High
450,57,New Feature Launch,Thank you for being a loyal customer,1/9/2024,Loyalty Members,Closed,Medium
451,32,Urgent Security Update,New shop locations added,5/4/2023,Support Team.,On Hold,High
452,20,Server Optimization,Weekend flash sale starts now,7/16/2023,All Users,Investigating,Low
453,46,New Feature Launch,Don't miss our spring event,10/15/2023,Support Team.,Dismissed,Medium
454,19,New Feature Launch,Your account summary is ready,4/22/2024,Merchants,Investigating,Low
455,6,Auto-Reload Changes,Reminder: Update your payment info,11/2/2023,Merchants,Escalated,High
456,65,App Version Release,CafeCoin turns one – celebrate with us!,7/13/2023,New Users,Resolved,Low
457,55,Server Optimization,New shop locations added,1/1/2023,Loyalty Members,Escalated,Low
458,51,Holiday Schedule,App update now available,3/3/2024,All Users,Open,Low
459,11,Feedback Survey Launch,Don't miss our spring event,2/2/2023,Beta Testers,Resolved,Medium
460,12,Mobile App Outage,Important notice about reward items,2/20/2023,Support Team.,On Hold,Medium
461,52,Website Maintenance,Limited-time offer available,7/17/2023,New Users,Escalated,High
462,64,Bug Fix Announcement,We've updated our terms of service,11/5/2023,Beta Testers,Resolved,High
463,27,Rewards Expiry Notice,New shop locations added,5/7/2023,All Users,Resolved,Medium
464,9,Urgent Security Update,CafeCoin turns one – celebrate with us!,6/10/2023,Beta Testers,Dismissed,Low
465,74,Maintenance Completed,New dashboard tools for merchants,11/4/2024,Inactive Users,Open,High
466,60,Terms & Conditions Update,CafeCoin turns one – celebrate with us!,3/24/2025,Admins,On Hold,High
467,41,New Feature Launch,Order ahead and skip the line.,5/31/2023,All Users,Escalated,Medium
468,15,Customer Support Downtime,Weekend flash sale starts now,10/6/2024,Loyalty Members,On Hold,High
469,79,Bug Fix Announcement,System maintenance scheduled tonight,1/29/2025,Admins,Escalated,Low
470,26,Terms & Conditions Update,Welcome to CafeCoin!,10/1/2023,Customers,Awaiting Customer Response,Medium
471,40,Terms & Conditions Update,App update now available,10/28/2024,Customers,Awaiting Customer Response,High
472,72,Email Preferences Update.,Reminder: Update your payment info,5/9/2023,Customers,Awaiting Customer Response,Medium
473,45,Temporary Feature Suspension,New dashboard tools for merchants,9/2/2023,Customers,Investigating,Low
474,63,Website Maintenance,Try our seasonal drinks!,6/1/2023,Loyalty Members,Closed,Low
475,68,App Version Release,New shop locations added,5/11/2023,All Users,Resolved,Medium
476,23,Maintenance Completed,Exclusive event invite,5/30/2023,Loyalty Members,Closed,High
477,14,Staff Training Announcement,We've refreshed our menu!,9/19/2023,Merchants,Closed,High
478,69,System Maintenance,System maintenance scheduled tonight,5/15/2024,Merchants,Open,High
479,10,Terms & Conditions Update,We've refreshed our menu!,4/12/2024,Employees,Dismissed,High
480,32,New Store Opening,Security settings changed,9/6/2023,Support Team.,Awaiting Customer Response,High
481,31,Service Interruption Notice,Faster support now available,1/25/2024,Admins,Resolved,High
482,5,Order Delay Notice,You're close to earning a reward!,8/7/2024,Beta Testers,Dismissed,High
483,57,Subscription Reminder,Redeem your coins for special items,6/23/2023,Loyalty Members,Dismissed,Low
484,24,Bug Fix Announcement,Redeem your coins for special items,1/17/2024,Support Team.,Awaiting Customer Response,Low
485,41,Policy Changes,Try our seasonal drinks!,10/5/2024,Beta Testers,Investigating,Medium
486,34,Point Redemption Changes,Your order has shipped,2/27/2024,Beta Testers,Investigating,High
487,4,System Maintenance,Your order has shipped,7/28/2024,New Users,Open,Medium
488,1,Maintenance Completed,New shop locations added,10/21/2024,Customers,Awaiting Customer Response,High
489,52,Limited Time Offer,Account activity alert,7/4/2023,Support Team.,Open,Low
490,26,Holiday Schedule,New merchant partners added,3/21/2023,Merchants,Open,Medium
491,45,Customer Support Downtime,New shop locations added,2/24/2023,Inactive Users,Closed,High
492,38,Reward Limit Update,Try our seasonal drinks!,10/18/2023,New Users,On Hold,Medium
493,67,Terms & Conditions Update,Enjoy faster checkout with saved cards,9/1/2023,New Users,Investigating,Medium
494,21,Limited Time Offer,New feature: Order tracking,1/10/2023,Inactive Users,Open,Low
495,63,Urgent Security Update,CafeCoin turns one – celebrate with us!,6/5/2023,New Users,Escalated,Medium
496,73,Subscription Reminder,Important notice about reward items,3/27/2024,All Users,Closed,Medium
497,70,Urgent Security Update,Your order has shipped,1/6/2023,Beta Testers,Awaiting Customer Response,Low
498,43,Policy Changes,We've updated our terms of service,7/30/2024,Merchants,Dismissed,Low
499,6,Feedback Survey Launch,Community spotlight: Featured merchants,7/8/2024,Inactive Users,Investigating,Medium
500,51,Menu Update,New rewards program launched,10/30/2023,Admins,Open,Low
501,68,Loyalty Tier Adjustment,App update now available,1/11/2023,Customers,Resolved,Medium
502,44,Loyalty Tier Adjustment,Earn double coins this weekend,6/6/2024,Merchants,Resolved,Low
503,78,Rewards Expiry Notice,Security settings changed,2/7/2025,Loyalty Members,Closed,Low
504,71,Payment System Upgrade,Your membership level has been upgraded,8/29/2024,Admins,Investigating,Low
505,56,Auto-Reload Changes,New amenities added near you,2/8/2023,Support Team.,Investigating,Medium
506,14,Order Delay Notice,View your transaction history online,9/16/2024,Support Team.,Investigating,Low
507,58,Customer Support Downtime,Account activity alert,12/19/2023,New Users,Closed,Medium
508,7,App Version Release,Try our seasonal drinks!,12/24/2023,Admins,On Hold,High
509,46,App Version Release,Refer a friend and earn coins,1/20/2024,Admins,Investigating,High
510,2,Website Maintenance,New amenities added near you,4/17/2024,All Users,Open,Low
511,80,Data Usage Policy,Redeem your coins for special items,9/23/2023,Employees,On Hold,Medium
512,11,Delivery Area Expansion,Try our seasonal drinks!,2/16/2024,New Users,Resolved,Low
513,61,Account Verification Notice,New feature: Order tracking,10/21/2024,Beta Testers,On Hold,High
514,20,Promo Code Alert,New amenities added near you,4/10/2024,Employees,Open,High
515,72,Website Maintenance,Your favorite item is back!,3/25/2025,Loyalty Members,Escalated,Low
516,27,Auto-Reload Changes,Account activity alert,5/11/2023,Merchants,Dismissed,Low
517,47,Promo Code Alert,Important notice about reward items,1/17/2024,Support Team.,Escalated,Low
518,60,Transaction Delay Alert,Important notice about reward items,2/19/2023,Beta Testers,Awaiting Customer Response,Low
519,53,Terms & Conditions Update,Faster support now available,2/28/2023,Employees,Awaiting Customer Response,Medium
520,50,Urgent Security Update,Try our seasonal drinks!,12/10/2024,Support Team.,Escalated,High
521,15,Feature Deactivation Notice,Important notice about reward items,2/8/2024,Inactive Users,Escalated,Low
522,3,Service Interruption Notice,Your account summary is ready,4/15/2023,Inactive Users,Closed,Low
523,49,Policy Changes,New merchant partners added,4/19/2024,Beta Testers,Closed,High
524,16,Website Maintenance,We've updated our terms of service,7/4/2023,Admins,Awaiting Customer Response,High
525,79,Account Verification Notice,Order ahead and skip the line.,1/27/2025,All Users,On Hold,High
526,30,Staff Training Announcement,Your feedback matters – take our survey,3/6/2023,Beta Testers,Open,High
527,28,Coin Balance Adjustment,Earn double coins this weekend,12/21/2024,Inactive Users,On Hold,Medium
528,36,Server Optimization,Refer a friend and earn coins,3/11/2024,All Users,Resolved,Medium
529,74,Temporary Feature Suspension,Faster support now available,6/29/2023,Admins,Open,Low
530,77,Customer Support Downtime,Limited-time offer available,3/7/2025,New Users,Investigating,High
531,54,Transaction Delay Alert,Your favorite item is back!,4/6/2025,All Users,Resolved,High
532,23,Mobile App Outage,Community spotlight: Featured merchants,11/12/2023,Employees,Investigating,Medium
533,12,Staff Training Announcement,We've updated our terms of service,2/11/2025,Admins,On Hold,Low
534,8,Account Verification Notice,Limited-time offer available,1/11/2023,All Users,Dismissed,Low
535,33,Loyalty Tier Adjustment,Refer a friend and earn coins,11/26/2023,Admins,Dismissed,Medium
536,17,New Feature Launch,You're close to earning a reward!,4/5/2024,Customers,Resolved,Medium
537,9,Loyalty Program Update,Your membership level has been upgraded,5/18/2023,Employees,On Hold,High
538,42,Staff Training Announcement,New amenities added near you,1/21/2023,New Users,On Hold,Low
539,22,Bug Fix Announcement,Enjoy faster checkout with saved cards,5/30/2024,Beta Testers,Awaiting Customer Response,Low
540,19,System Maintenance,New merchant partners added,9/14/2024,Admins,Dismissed,Low
541,75,Operating Hours Update,Try our seasonal drinks!,4/24/2023,Support Team.,Closed,Medium
542,65,New Feature Launch,New amenities added near you,4/6/2024,Inactive Users,Investigating,Medium
543,76,Feature Testing Phase,Your favorite item is back!,4/4/2023,Loyalty Members,Resolved,High
544,18,Promo Code Alert,Welcome to CafeCoin!,12/11/2024,Support Team.,Closed,Medium
545,59,Account Verification Notice,Your favorite item is back!,2/25/2025,Admins,Dismissed,Low
546,25,Point Redemption Changes,Refer a friend and earn coins,8/9/2024,Customers,On Hold,High
547,13,Delivery Area Expansion,CafeCoin turns one – celebrate with us!,3/3/2025,Admins,Escalated,Medium
548,55,System Maintenance,New merchant partners added,4/26/2023,All Users,Closed,Low
549,37,Operating Hours Update,Important notice about reward items,12/24/2023,Support Team.,Dismissed,Medium
550,35,Mobile App Outage,Your feedback matters – take our survey,10/16/2024,Loyalty Members,Investigating,Low
551,66,Transaction Delay Alert,Community spotlight: Featured merchants,11/24/2024,New Users,Open,Low
552,29,Transaction Delay Alert,Your membership level has been upgraded,8/3/2024,Inactive Users,Open,Low
553,48,Rewards Expiry Notice,We've updated our terms of service,4/1/2024,Loyalty Members,Investigating,High
554,40,Website Maintenance,Stay safe: Avoid phishing scams,9/20/2024,Support Team.,Investigating,High
555,64,System Maintenance,Reminder: Update your payment info,3/21/2023,Beta Testers,Closed,Low
556,62,Delivery Area Expansion,Your membership level has been upgraded,11/16/2023,Loyalty Members,Escalated,High
557,69,System Maintenance,Try our seasonal drinks!,9/7/2024,Inactive Users,Open,Low
558,39,Feature Testing Phase,Upcoming service outage notice,10/11/2023,Loyalty Members,Resolved,High
559,73,Reward Limit Update,Order ahead and skip the line.,1/22/2025,All Users,Escalated,Low
560,14,Server Optimization,Your feedback matters – take our survey,8/2/2023,New Users,Escalated,Medium
561,2,Promo Code Alert,Check out your coin balance,3/13/2025,New Users,Resolved,High
562,38,Terms & Conditions Update,Exclusive event invite,6/22/2023,Support Team.,Awaiting Customer Response,High
563,11,Bug Fix Announcement,Community spotlight: Featured merchants,10/27/2023,Admins,Closed,High
564,62,New Feature Launch,We've refreshed our menu!,4/4/2024,All Users,On Hold,High
565,29,Coin Balance Adjustment,Important notice about reward items,1/18/2024,Employees,Awaiting Customer Response,Medium
566,3,Server Optimization,Enjoy faster checkout with saved cards,6/16/2023,Customers,Open,Low
567,53,Delivery Area Expansion,Check out your coin balance,11/23/2024,Support Team.,Resolved,Low
568,80,Maintenance Completed,Your membership level has been upgraded,1/25/2023,Admins,Closed,Low
569,49,Customer Support Downtime,Earn double coins this weekend,5/25/2023,Support Team.,On Hold,Low
570,32,Reward Limit Update,You're close to earning a reward!,8/16/2024,Loyalty Members,Open,Low
571,7,Loyalty Program Update,CafeCoin turns one – celebrate with us!,2/7/2023,All Users,Resolved,Medium
572,77,Terms & Conditions Update,Stay safe: Avoid phishing scams,1/7/2023,New Users,Investigating,Medium
573,45,Order Delay Notice,Discount applied to your next purchase,3/28/2023,New Users,Escalated,Low
574,75,Reward Limit Update,New feature: Order tracking,4/9/2023,Inactive Users,Investigating,Low
575,9,Service Interruption Notice,Your membership level has been upgraded,3/16/2024,All Users,Dismissed,Medium
576,16,Holiday Schedule,Security settings changed,3/10/2023,Loyalty Members,Open,Low
577,76,Data Usage Policy,Account activity alert,12/18/2023,Support Team.,Open,Low
578,37,System Maintenance,Try our seasonal drinks!,4/21/2023,Customers,On Hold,Low
579,24,Policy Changes,Your account summary is ready,6/29/2024,Admins,Awaiting Customer Response,High
580,22,App Version Release,Enjoy faster checkout with saved cards,11/14/2024,New Users,Open,High
581,50,Email Preferences Update.,App update now available,3/18/2024,Merchants,Awaiting Customer Response,Medium
582,36,Order Delay Notice,Reminder: Update your payment info,7/21/2024,All Users,Closed,Low
583,44,Scheduled Downtime,Thank you for being a loyal customer,10/17/2023,Beta Testers,Escalated,Low
584,70,Delivery Area Expansion,Your feedback matters – take our survey,6/22/2024,Merchants,Closed,Low
585,69,System Maintenance,System maintenance scheduled tonight,5/20/2023,Customers,Open,High
586,31,Temporary Feature Suspension,Your membership level has been upgraded,1/23/2025,Inactive Users,Escalated,High
587,79,Account Verification Notice,New shop locations added,6/16/2023,Customers,Escalated,High
588,40,Temporary Feature Suspension,New amenities added near you,4/6/2023,New Users,Resolved,Medium
589,61,Promo Code Alert,Order ahead and skip the line.,8/23/2024,New Users,Escalated,Medium
590,5,Data Usage Policy,Earn double coins this weekend,2/11/2024,Customers,Investigating,Medium
591,78,Policy Changes,Weekend flash sale starts now,8/24/2024,Loyalty Members,Awaiting Customer Response,Low
592,41,Loyalty Tier Adjustment,New shop locations added,5/10/2023,Support Team.,Awaiting Customer Response,Medium
593,59,Coin Balance Adjustment,Your membership level has been upgraded,9/27/2023,Customers,Escalated,Low
594,34,Subscription Reminder,Order ahead and skip the line.,1/16/2025,Loyalty Members,Escalated,High
595,71,Feedback Survey Launch,Try our seasonal drinks!,8/24/2023,Loyalty Members,On Hold,Low
596,8,Delivery Area Expansion,Check out your coin balance,6/1/2024,Beta Testers,Escalated,Low
597,28,Account Verification Notice,Don't miss our spring event,7/2/2024,All Users,Closed,High
598,17,Rewards Expiry Notice,Your account summary is ready,4/26/2023,Inactive Users,On Hold,Low
599,58,Maintenance Completed,Account activity alert,6/24/2024,All Users,On Hold,Low
600,57,Rewards Expiry Notice,Discount applied to your next purchase,3/15/2023,New Users,Dismissed,High
601,68,Order Delay Notice,Your favorite item is back!,11/27/2023,Loyalty Members,Open,High
602,46,Loyalty Program Update,Faster support now available,6/6/2024,New Users,Dismissed,High
603,21,Subscription Reminder,Your membership level has been upgraded,4/18/2023,Admins,Dismissed,High
604,6,Feature Deactivation Notice,Your favorite item is back!,11/8/2024,Customers,Dismissed,Medium
605,10,Policy Changes,Don't miss our spring event,2/14/2024,Merchants,Dismissed,Medium
606,60,New Store Opening,App update now available,1/24/2024,Merchants,Awaiting Customer Response,Medium
607,56,Subscription Reminder,New merchant partners added,6/3/2024,Beta Testers,Awaiting Customer Response,Medium
608,72,Holiday Schedule,Order ahead and skip the line.,10/24/2023,Customers,Escalated,High
609,67,Urgent Security Update,New rewards program launched,8/3/2023,Support Team.,Dismissed,Medium
610,74,Operating Hours Update,Reminder: Update your payment info,2/9/2025,Support Team.,Dismissed,Low
611,30,Service Interruption Notice,Important notice about reward items,10/4/2024,All Users,Closed,Medium
612,25,Terms & Conditions Update,Account activity alert,2/23/2025,Customers,Awaiting Customer Response,High
613,4,New Store Opening,We've refreshed our menu!,7/29/2024,Merchants,Open,High
614,27,Email Preferences Update.,Account activity alert,1/26/2023,Inactive Users,Dismissed,Medium
615,15,Auto-Reload Changes,Your membership level has been upgraded,9/22/2024,Customers,Open,High
616,63,App Version Release,Try our seasonal drinks!,9/19/2023,Support Team.,Awaiting Customer Response,High
617,52,Terms & Conditions Update,Exclusive event invite,5/28/2024,Customers,Closed,High
618,64,Menu Update,Security settings changed,1/26/2024,Support Team.,Dismissed,Low
619,55,Point Redemption Changes,Earn double coins this weekend,3/5/2024,Customers,Awaiting Customer Response,High
620,26,Email Preferences Update.,Account activity alert,10/31/2023,Employees,Closed,Low
621,65,Bug Fix Announcement,Your membership level has been upgraded,1/16/2023,Employees,Investigating,Medium
622,19,Customer Support Downtime,Your order has shipped,3/25/2023,All Users,Dismissed,Medium
623,12,Feedback Survey Launch,Your account summary is ready,11/25/2024,Employees,Resolved,High
624,43,Promo Code Alert,New amenities added near you,12/4/2024,Beta Testers,Closed,Medium
625,1,Delivery Area Expansion,Check out your coin balance,5/22/2023,Inactive Users,Closed,High
626,33,Feature Deactivation Notice,You're close to earning a reward!,11/5/2023,Employees,Resolved,Medium
627,47,Temporary Feature Suspension,Exclusive event invite,4/4/2025,Inactive Users,Dismissed,High
628,48,Coin Balance Adjustment,Your membership level has been upgraded,11/17/2024,New Users,Awaiting Customer Response,High
629,20,Coin Balance Adjustment,New dashboard tools for merchants,10/4/2024,All Users,Investigating,Medium
630,13,Staff Training Announcement,Welcome to CafeCoin!,6/1/2023,Admins,Resolved,Medium
631,66,Rewards Expiry Notice,View your transaction history online,12/13/2024,Employees,Awaiting Customer Response,High
632,54,Scheduled Downtime,Limited-time offer available,1/2/2024,Loyalty Members,Open,High
633,35,Loyalty Program Update,Your feedback matters – take our survey,9/28/2023,Merchants,Investigating,High
634,51,Policy Changes,Earn double coins this weekend,9/10/2024,Admins,Escalated,Medium
635,23,Server Optimization,Your account summary is ready,11/13/2023,Merchants,Escalated,Low
636,42,Terms & Conditions Update,Reminder: Update your payment info,2/19/2023,Admins,Awaiting Customer Response,Medium
637,18,Operating Hours Update,Order ahead and skip the line.,3/2/2025,Merchants,Awaiting Customer Response,Low
638,43,Email Preferences Update.,Your membership level has been upgraded,11/16/2024,All Users,Escalated,High
639,68,Temporary Feature Suspension,New shop locations added,12/14/2023,All Users,Investigating,High
640,29,Reward Limit Update,Important notice about reward items,7/19/2024,Customers,On Hold,Low
641,64,Auto-Reload Changes,Discount applied to your next purchase,9/23/2023,Admins,Resolved,Medium
642,49,Feature Deactivation Notice,Don't miss our spring event,3/11/2023,Beta Testers,Investigating,Medium
643,79,Bug Fix Announcement,You're close to earning a reward!,1/31/2023,All Users,On Hold,Low
644,9,New Feature Launch,Upcoming service outage notice,4/19/2023,Loyalty Members,Investigating,High
645,46,Account Verification Notice,Your membership level has been upgraded,5/8/2023,All Users,Awaiting Customer Response,Low
646,7,Menu Update,Important notice about reward items,10/2/2024,Support Team.,Open,Low
647,15,Delivery Area Expansion,Limited-time offer available,1/8/2024,All Users,Closed,High
648,26,Feedback Survey Launch,Reminder: Update your payment info,3/19/2023,Employees,Escalated,Medium
649,20,Customer Support Downtime,Order ahead and skip the line.,1/30/2024,All Users,Resolved,High
650,6,Reward Limit Update,Account activity alert,10/10/2024,Customers,Open,Low
651,35,Coin Balance Adjustment,We've updated our terms of service,4/26/2024,Customers,Investigating,Medium
652,56,Bug Fix Announcement,New shop locations added,10/28/2023,Support Team.,Dismissed,High
653,50,Loyalty Program Update,System maintenance scheduled tonight,3/5/2023,New Users,Investigating,Medium
654,34,Operating Hours Update,Don't miss our spring event,5/22/2024,Support Team.,On Hold,Low
655,17,Subscription Reminder,Your feedback matters – take our survey,5/29/2024,Customers,On Hold,Low
656,19,Payment System Upgrade,Your membership level has been upgraded,2/4/2024,Employees,Dismissed,Medium
657,36,System Maintenance,We've updated our terms of service,9/20/2023,Support Team.,Dismissed,Low
658,78,Subscription Reminder,Enjoy faster checkout with saved cards,8/11/2023,Employees,Awaiting Customer Response,Medium
659,24,Subscription Reminder,System maintenance scheduled tonight,10/21/2024,Loyalty Members,Open,Low
660,22,Promo Code Alert,Discount applied to your next purchase,3/30/2025,All Users,Resolved,Medium
661,27,Website Maintenance,Refer a friend and earn coins,8/25/2024,Inactive Users,Dismissed,Medium
662,47,Maintenance Completed,Your favorite item is back!,8/30/2024,Support Team.,Resolved,Low
663,33,Feature Deactivation Notice,Don't miss our spring event,1/14/2025,New Users,On Hold,Medium
664,59,Loyalty Tier Adjustment,Community spotlight: Featured merchants,7/21/2023,Customers,Investigating,Medium
665,54,Coin Balance Adjustment,We've updated our terms of service,11/12/2024,Beta Testers,Escalated,Medium
666,55,Account Verification Notice,Exclusive event invite,12/1/2024,Support Team.,Closed,Low
667,38,Website Maintenance,Upcoming service outage notice,9/11/2024,Loyalty Members,Escalated,Low
668,1,App Version Release,Your feedback matters – take our survey,6/17/2024,Beta Testers,Open,Medium
669,72,Customer Support Downtime,Limited-time offer available,5/1/2024,Support Team.,Open,Low
670,2,Feature Testing Phase,New merchant partners added,2/28/2025,Customers,Escalated,Medium
671,41,App Version Release,New shop locations added,4/14/2023,Admins,Investigating,High
672,25,Promo Code Alert,Your order has shipped,1/31/2024,Loyalty Members,Investigating,Low
673,5,Delivery Area Expansion,Your membership level has been upgraded,7/27/2024,Customers,Open,Medium
674,23,Order Delay Notice,Security settings changed,3/10/2023,Merchants,Escalated,Medium
675,45,Customer Support Downtime,New dashboard tools for merchants,5/31/2024,Admins,Escalated,High
676,74,Limited Time Offer,Don't miss our spring event,1/18/2024,Employees,Closed,Low
677,18,Server Optimization,Upcoming service outage notice,3/5/2023,All Users,Open,High
678,37,Service Interruption Notice,New amenities added near you,12/9/2024,Employees,Awaiting Customer Response,Medium
679,8,Limited Time Offer,Faster support now available,1/26/2024,New Users,Investigating,Low
680,73,New Feature Launch,Refer a friend and earn coins,8/13/2024,Loyalty Members,Escalated,Low
681,14,Urgent Security Update,Welcome to CafeCoin!,12/6/2024,Admins,Closed,High
682,53,Terms & Conditions Update,Thank you for being a loyal customer,9/10/2023,Inactive Users,Escalated,Low
683,66,Urgent Security Update,Welcome to CafeCoin!,9/22/2024,Inactive Users,Open,Low
684,67,Data Usage Policy,Faster support now available,7/6/2023,Inactive Users,Investigating,Low
685,61,Bug Fix Announcement,Account activity alert,11/21/2024,New Users,Escalated,High
686,52,Holiday Schedule,Order ahead and skip the line.,7/5/2023,Beta Testers,Awaiting Customer Response,Low
687,75,Service Interruption Notice,Enjoy faster checkout with saved cards,12/11/2023,Inactive Users,Escalated,Medium
688,58,Order Delay Notice,Refer a friend and earn coins,11/18/2024,Customers,On Hold,Low
689,80,Feature Deactivation Notice,Community spotlight: Featured merchants,10/26/2023,Loyalty Members,Awaiting Customer Response,High
690,57,Data Usage Policy,You're close to earning a reward!,10/28/2023,Beta Testers,Closed,Medium
691,77,Coin Balance Adjustment,Stay safe: Avoid phishing scams,9/24/2024,New Users,Investigating,High
692,16,Scheduled Downtime,Security settings changed,4/30/2023,All Users,Open,Low
693,28,App Version Release,We've refreshed our menu!,9/13/2023,Admins,Closed,High
694,11,Feedback Survey Launch,CafeCoin turns one – celebrate with us!,12/6/2024,All Users,Resolved,Low
695,40,Customer Support Downtime,Enjoy faster checkout with saved cards,7/15/2024,Customers,Investigating,High
696,65,Bug Fix Announcement,Check out your coin balance,9/21/2023,All Users,On Hold,High
697,69,Loyalty Program Update,Important notice about reward items,2/14/2025,All Users,Escalated,Low
698,32,System Maintenance,Try our seasonal drinks!,1/9/2023,Inactive Users,Escalated,Low
699,63,App Version Release,New amenities added near you,4/29/2024,Merchants,Open,Low
700,13,Order Delay Notice,Your account summary is ready,11/2/2024,Inactive Users,Resolved,Low
701,4,Service Interruption Notice,Security settings changed,2/25/2023,New Users,Awaiting Customer Response,High
702,44,Subscription Reminder,Weekend flash sale starts now,1/31/2025,New Users,On Hold,Low
703,42,Point Redemption Changes,Reminder: Update your payment info,4/1/2024,New Users,Resolved,High
704,30,App Version Release,Discount applied to your next purchase,2/5/2024,Customers,Resolved,High
705,48,Feedback Survey Launch,Don't miss our spring event,4/4/2023,Customers,Closed,Low
706,71,Urgent Security Update,Your feedback matters – take our survey,5/20/2024,Inactive Users,Closed,Medium
707,76,Bug Fix Announcement,App update now available,2/8/2024,Admins,Closed,High
708,39,Point Redemption Changes,Refer a friend and earn coins,7/19/2024,Beta Testers,Awaiting Customer Response,Low
709,12,App Version Release,Redeem your coins for special items,11/23/2023,Beta Testers,Awaiting Customer Response,Medium
710,70,Feature Deactivation Notice,Important notice about reward items,2/12/2025,New Users,Resolved,Medium
711,21,Service Interruption Notice,View your transaction history online,11/21/2023,All Users,Open,High
712,3,Terms & Conditions Update,New amenities added near you,10/27/2023,All Users,Investigating,Low
713,51,Bug Fix Announcement,New feature: Order tracking,6/18/2023,Loyalty Members,Escalated,High
714,31,Mobile App Outage,View your transaction history online,2/12/2023,Beta Testers,On Hold,Medium
715,60,Staff Training Announcement,New dashboard tools for merchants,2/17/2023,Loyalty Members,Resolved,Medium
716,62,Bug Fix Announcement,Weekend flash sale starts now,3/13/2025,Customers,Dismissed,Low
717,10,Operating Hours Update,Exclusive event invite,1/13/2025,Support Team.,Closed,High
718,70,Order Delay Notice,Upcoming service outage notice,8/31/2024,Admins,Awaiting Customer Response,Low
719,59,Menu Update,Limited-time offer available,4/25/2024,Admins,Investigating,Medium
720,4,Transaction Delay Alert,Order ahead and skip the line.,1/12/2024,Loyalty Members,Escalated,Medium
721,53,Limited Time Offer,Exclusive event invite,10/13/2023,Admins,Resolved,Low
722,11,Terms & Conditions Update,Limited-time offer available,6/1/2023,Customers,Closed,Medium
723,55,Holiday Schedule,CafeCoin turns one – celebrate with us!,11/6/2023,Loyalty Members,Open,Medium
724,46,Website Maintenance,Your membership level has been upgraded,10/16/2023,New Users,Resolved,Medium
725,6,Policy Changes,You're close to earning a reward!,3/8/2024,Inactive Users,Closed,High
726,56,Transaction Delay Alert,Your membership level has been upgraded,10/30/2023,Employees,Open,Medium
727,30,Loyalty Tier Adjustment,New amenities added near you,5/16/2024,Merchants,Escalated,High
728,44,Reward Limit Update,Don't miss our spring event,11/22/2023,Inactive Users,Resolved,Low
729,7,Promo Code Alert,Welcome to CafeCoin!,3/5/2024,Admins,Closed,Low
730,43,Menu Update,Try our seasonal drinks!,9/29/2024,Beta Testers,On Hold,Medium
731,68,Feature Deactivation Notice,Security settings changed,2/23/2025,Loyalty Members,On Hold,Medium
732,42,Order Delay Notice,New merchant partners added,10/21/2023,Beta Testers,Escalated,Low
733,22,Subscription Reminder,New amenities added near you,9/20/2023,Merchants,Open,Medium
734,62,Order Delay Notice,Check out your coin balance,3/29/2025,All Users,Investigating,Medium
735,37,Terms & Conditions Update,We've updated our terms of service,1/24/2023,Inactive Users,On Hold,Medium
736,35,Server Optimization,New feature: Order tracking,5/3/2023,Employees,Awaiting Customer Response,High
737,73,Reward Limit Update,Try our seasonal drinks!,7/29/2023,Beta Testers,Closed,High
738,51,New Feature Launch,Limited-time offer available,7/7/2023,Customers,Open,High
739,72,Auto-Reload Changes,Check out your coin balance,3/11/2024,Support Team.,Investigating,High
740,40,Promo Code Alert,Refer a friend and earn coins,10/23/2023,New Users,Resolved,Low
741,50,Loyalty Tier Adjustment,Earn double coins this weekend,1/9/2024,Beta Testers,Open,Low
742,80,Reward Limit Update,Welcome to CafeCoin!,1/13/2023,Loyalty Members,Resolved,Low
743,13,Feature Testing Phase,You're close to earning a reward!,3/1/2023,Merchants,On Hold,Low
744,41,New Store Opening,Refer a friend and earn coins,4/20/2024,Employees,Dismissed,High
745,25,Staff Training Announcement,Your favorite item is back!,4/5/2023,Employees,Open,Low
746,8,Transaction Delay Alert,Your account summary is ready,10/22/2024,Beta Testers,Resolved,High
747,52,Feature Testing Phase,Security settings changed,6/2/2024,Merchants,Closed,High
748,65,Delivery Area Expansion,Your account summary is ready,9/23/2024,Customers,Awaiting Customer Response,Low
749,15,Menu Update,Redeem your coins for special items,10/4/2024,Merchants,Open,Low
750,26,Account Verification Notice,We've refreshed our menu!,6/8/2023,Support Team.,Resolved,Medium
751,47,App Version Release,Weekend flash sale starts now,8/6/2023,Customers,Awaiting Customer Response,Low
752,39,Promo Code Alert,Your order has shipped,1/1/2025,Inactive Users,Dismissed,Low
753,20,Bug Fix Announcement,We've updated our terms of service,12/21/2023,Loyalty Members,Investigating,High
754,74,Holiday Schedule,Community spotlight: Featured merchants,8/29/2023,Employees,Open,High
755,33,Holiday Schedule,Weekend flash sale starts now,4/28/2024,Support Team.,Resolved,High
756,45,Payment System Upgrade,Security settings changed,3/31/2024,Inactive Users,Dismissed,Medium
757,17,Policy Changes,Your order has shipped,3/10/2023,Employees,Awaiting Customer Response,High
758,57,Data Usage Policy,System maintenance scheduled tonight,12/19/2023,New Users,Open,High
759,75,Auto-Reload Changes,App update now available,7/13/2023,Loyalty Members,Resolved,Medium
760,31,Auto-Reload Changes,New feature: Order tracking,6/10/2024,Admins,Escalated,Low
761,71,Point Redemption Changes,Enjoy faster checkout with saved cards,2/23/2025,Beta Testers,Investigating,Low
762,77,Mobile App Outage,New rewards program launched,12/17/2024,Loyalty Members,Open,High
763,18,Bug Fix Announcement,Your favorite item is back!,2/14/2025,Employees,Investigating,High
764,78,Delivery Area Expansion,Upcoming service outage notice,2/18/2025,Customers,Escalated,Low
765,63,Holiday Schedule,Account activity alert,12/28/2023,Customers,Open,High
766,54,Subscription Reminder,We've updated our terms of service,1/16/2023,All Users,Dismissed,High
767,61,Maintenance Completed,App update now available,11/18/2024,Loyalty Members,Resolved,Medium
768,23,Server Optimization,Your account summary is ready,6/10/2023,All Users,On Hold,High
769,58,Service Interruption Notice,Exclusive event invite,1/11/2025,Customers,On Hold,Medium
770,24,Email Preferences Update.,New feature: Order tracking,11/18/2023,Loyalty Members,Dismissed,Medium
771,32,Urgent Security Update,Thank you for being a loyal customer,3/22/2025,Admins,Awaiting Customer Response,High
772,27,Scheduled Downtime,Try our seasonal drinks!,3/23/2025,Beta Testers,On Hold,High
773,19,Policy Changes,Enjoy faster checkout with saved cards,4/22/2023,Employees,Closed,Medium
774,34,Urgent Security Update,Your favorite item is back!,6/11/2023,Support Team.,On Hold,Medium
775,36,Reward Limit Update,Earn double coins this weekend,3/12/2023,Admins,Closed,High
776,38,Transaction Delay Alert,New amenities added near you,4/30/2024,All Users,Awaiting Customer Response,Medium
777,12,Staff Training Announcement,Discount applied to your next purchase,8/8/2023,Merchants,Investigating,Medium
778,49,Email Preferences Update.,Order ahead and skip the line.,11/2/2024,Inactive Users,Awaiting Customer Response,High
779,2,New Store Opening,New shop locations added,7/4/2023,Inactive Users,Closed,Low
780,21,Maintenance Completed,We've refreshed our menu!,10/17/2024,Beta Testers,Open,High
781,5,Email Preferences Update.,Reminder: Update your payment info,12/3/2023,Employees,Investigating,Medium
782,3,Operating Hours Update,Community spotlight: Featured merchants,7/15/2024,Employees,Closed,Medium
783,48,Website Maintenance,Order ahead and skip the line.,1/31/2024,Customers,Closed,Medium
784,1,Delivery Area Expansion,Your account summary is ready,1/6/2023,Merchants,Open,Low
785,64,Bug Fix Announcement,Order ahead and skip the line.,2/12/2023,Customers,Escalated,High
786,10,Payment System Upgrade,Don't miss our spring event,10/30/2024,Inactive Users,Resolved,High
787,76,Email Preferences Update.,Order ahead and skip the line.,7/16/2024,Customers,Awaiting Customer Response,Medium
788,28,Menu Update,We've updated our terms of service,4/10/2024,Loyalty Members,Escalated,Medium
789,9,Auto-Reload Changes,Upcoming service outage notice,5/16/2024,All Users,Dismissed,Low
790,16,Temporary Feature Suspension,Refer a friend and earn coins,5/4/2024,All Users,Investigating,Low
791,29,Temporary Feature Suspension,Reminder: Update your payment info,4/10/2023,Admins,Investigating,High
792,66,Urgent Security Update,We've refreshed our menu!,8/7/2023,Employees,On Hold,High
793,14,Loyalty Program Update,Refer a friend and earn coins,7/9/2023,Employees,Open,Medium
794,69,Subscription Reminder,View your transaction history online,10/9/2024,Loyalty Members,Closed,High
795,60,Bug Fix Announcement,We've refreshed our menu!,1/30/2025,Employees,Investigating,Medium
796,79,Reward Limit Update,We've refreshed our menu!,9/4/2023,Beta Testers,Closed,Medium
797,67,Mobile App Outage,Thank you for being a loyal customer,6/28/2023,Support Team.,On Hold,Low
798,74,Transaction Delay Alert,New shop locations added,1/23/2023,All Users,On Hold,Low
799,6,Data Usage Policy,We've refreshed our menu!,7/19/2024,All Users,Awaiting Customer Response,High
800,21,Temporary Feature Suspension,Order ahead and skip the line.,3/5/2025,Support Team.,Dismissed,High
801,76,Mobile App Outage,Weekend flash sale starts now,6/23/2024,Support Team.,Awaiting Customer Response,Medium
802,18,Policy Changes,App update now available,11/12/2024,New Users,Closed,Low
803,17,Menu Update,New dashboard tools for merchants,9/25/2023,Customers,Closed,Low
804,16,Holiday Schedule,New amenities added near you,2/15/2025,Employees,Dismissed,Low
805,42,Bug Fix Announcement,Weekend flash sale starts now,5/2/2023,Merchants,Open,High
806,24,Bug Fix Announcement,System maintenance scheduled tonight,11/24/2023,Merchants,On Hold,High
807,5,Staff Training Announcement,Don't miss our spring event,7/3/2024,Merchants,Resolved,High
808,9,Promo Code Alert,Important notice about reward items,11/20/2024,Merchants,Open,High
809,20,Email Preferences Update.,Upcoming service outage notice,1/12/2023,Employees,Open,Low
810,31,New Feature Launch,Discount applied to your next purchase,11/1/2023,New Users,Dismissed,High
811,50,New Feature Launch,New shop locations added,12/23/2024,Beta Testers,Awaiting Customer Response,Low
812,58,Feature Deactivation Notice,Discount applied to your next purchase,11/21/2023,Beta Testers,Escalated,Low
813,38,Promo Code Alert,Security settings changed,6/27/2024,Beta Testers,Open,Medium
814,65,Limited Time Offer,Limited-time offer available,10/27/2023,Merchants,On Hold,High
815,34,Reward Limit Update,CafeCoin turns one – celebrate with us!,7/28/2023,New Users,Investigating,High
816,43,Reward Limit Update,New feature: Order tracking,11/12/2024,Employees,On Hold,High
817,3,Limited Time Offer,New amenities added near you,12/13/2023,Support Team.,Dismissed,Medium
818,79,Promo Code Alert,Exclusive event invite,1/27/2025,New Users,Escalated,Low
819,19,Terms & Conditions Update,CafeCoin turns one – celebrate with us!,9/13/2024,Customers,Investigating,Medium
820,48,Loyalty Tier Adjustment,Enjoy faster checkout with saved cards,2/18/2025,New Users,Closed,High
821,75,Transaction Delay Alert,Limited-time offer available,5/16/2023,New Users,Escalated,High
822,28,Loyalty Program Update,Stay safe: Avoid phishing scams,6/9/2023,Loyalty Members,Closed,High
823,13,Loyalty Tier Adjustment,View your transaction history online,5/30/2024,Employees,Dismissed,High
824,33,Payment System Upgrade,Your order has shipped,7/20/2024,Merchants,Dismissed,Low
825,36,App Version Release,Reminder: Update your payment info,3/25/2024,New Users,On Hold,Low
826,49,Staff Training Announcement,Reminder: Update your payment info,6/19/2023,Support Team.,On Hold,Low
827,7,Subscription Reminder,Thank you for being a loyal customer,10/31/2023,Merchants,Open,High
828,30,Transaction Delay Alert,Weekend flash sale starts now,10/15/2023,Merchants,On Hold,High
829,8,Feedback Survey Launch,System maintenance scheduled tonight,3/1/2025,Customers,Closed,High
830,35,Staff Training Announcement,Your membership level has been upgraded,9/11/2023,Loyalty Members,On Hold,Medium
831,66,Order Delay Notice,Redeem your coins for special items,10/29/2023,Beta Testers,Dismissed,Medium
832,26,Feedback Survey Launch,CafeCoin turns one – celebrate with us!,4/28/2024,New Users,Closed,Low
833,27,Feedback Survey Launch,New merchant partners added,3/8/2023,Admins,Escalated,High
834,14,Service Interruption Notice,We've updated our terms of service,1/31/2024,Inactive Users,Investigating,Medium
835,63,Urgent Security Update,Don't miss our spring event,2/13/2025,All Users,Closed,Medium
836,53,Order Delay Notice,Stay safe: Avoid phishing scams,2/19/2023,Merchants,Closed,Medium
837,60,Email Preferences Update.,Thank you for being a loyal customer,2/13/2024,Support Team.,Resolved,Low
838,15,Urgent Security Update,Account activity alert,1/30/2025,Admins,On Hold,Medium
839,64,Maintenance Completed,New amenities added near you,7/1/2024,Loyalty Members,On Hold,Low
840,39,Delivery Area Expansion,Faster support now available,6/15/2023,Customers,Awaiting Customer Response,Medium
841,73,Feature Deactivation Notice,Faster support now available,2/5/2025,New Users,Closed,Medium
842,54,Subscription Reminder,Account activity alert,3/22/2025,Support Team.,Escalated,Medium
843,45,Point Redemption Changes,New dashboard tools for merchants,5/21/2023,Loyalty Members,On Hold,High
844,29,Menu Update,Refer a friend and earn coins,10/10/2023,Customers,Closed,Medium
845,23,Coin Balance Adjustment,Refer a friend and earn coins,1/21/2024,All Users,Awaiting Customer Response,Low
846,69,Rewards Expiry Notice,Faster support now available,9/12/2024,All Users,On Hold,Medium
847,70,Staff Training Announcement,Upcoming service outage notice,9/7/2023,Employees,Dismissed,Low
848,2,Website Maintenance,App update now available,6/27/2024,Beta Testers,Dismissed,Medium
849,62,Temporary Feature Suspension,Order ahead and skip the line.,4/5/2024,Beta Testers,Open,High
850,80,Feedback Survey Launch,Welcome to CafeCoin!,8/14/2023,Beta Testers,Investigating,High
851,32,Server Optimization,Stay safe: Avoid phishing scams,5/19/2024,Customers,Dismissed,Low
852,44,Temporary Feature Suspension,New feature: Order tracking,2/15/2024,Customers,Closed,Medium
853,55,Website Maintenance,Reminder: Update your payment info,10/31/2024,Customers,Open,Low
854,67,Data Usage Policy,Order ahead and skip the line.,12/28/2024,Inactive Users,Escalated,Low
855,52,Menu Update,We've updated our terms of service,1/15/2024,Support Team.,On Hold,Medium
856,4,Bug Fix Announcement,We've refreshed our menu!,2/15/2024,Beta Testers,Open,Low
857,57,Feature Testing Phase,View your transaction history online,6/11/2023,New Users,Dismissed,Medium
858,51,Website Maintenance,New dashboard tools for merchants,8/25/2023,Merchants,Escalated,Medium
859,72,Transaction Delay Alert,Stay safe: Avoid phishing scams,1/28/2025,Employees,Dismissed,High
860,47,Promo Code Alert,New feature: Order tracking,2/26/2023,Customers,Investigating,High
861,46,Order Delay Notice,Earn double coins this weekend,2/7/2025,Beta Testers,Closed,High
862,37,Account Verification Notice,Enjoy faster checkout with saved cards,11/21/2023,Admins,On Hold,Low
863,10,Menu Update,We've refreshed our menu!,7/3/2023,New Users,Dismissed,Low
864,78,Promo Code Alert,New shop locations added,2/6/2024,Loyalty Members,Dismissed,Low
865,71,System Maintenance,Faster support now available,4/12/2024,Merchants,Closed,Low
866,59,Staff Training Announcement,System maintenance scheduled tonight,10/5/2023,Customers,Awaiting Customer Response,Medium
867,11,Transaction Delay Alert,Discount applied to your next purchase,11/19/2023,Support Team.,Resolved,High
868,22,Temporary Feature Suspension,Account activity alert,1/4/2025,New Users,On Hold,High
869,41,Auto-Reload Changes,Stay safe: Avoid phishing scams,12/14/2024,Merchants,Closed,High
870,40,Feedback Survey Launch,Order ahead and skip the line.,6/23/2023,Inactive Users,Escalated,High
871,68,System Maintenance,App update now available,11/12/2023,Customers,Open,Medium
872,56,New Feature Launch,Discount applied to your next purchase,2/16/2023,Customers,Investigating,High
873,25,Auto-Reload Changes,Enjoy faster checkout with saved cards,8/1/2023,Merchants,On Hold,High
874,12,Urgent Security Update,New rewards program launched,7/7/2024,Customers,Dismissed,High
875,77,Policy Changes,New rewards program launched,12/22/2023,Support Team.,Open,Low
876,61,App Version Release,Account activity alert,3/10/2025,Support Team.,Closed,Low
877,1,Point Redemption Changes,View your transaction history online,12/6/2024,New Users,Escalated,High
878,51,Coin Balance Adjustment,Community spotlight: Featured merchants,2/16/2024,All Users,Open,Low
879,11,Menu Update,Community spotlight: Featured merchants,2/26/2024,All Users,Escalated,Medium
880,36,Urgent Security Update,Your order has shipped,4/8/2025,New Users,On Hold,Low
881,24,Point Redemption Changes,Refer a friend and earn coins,2/5/2023,All Users,Dismissed,Low
882,16,Temporary Feature Suspension,Your feedback matters – take our survey,4/12/2024,Inactive Users,Investigating,High
883,76,Loyalty Tier Adjustment,Your feedback matters – take our survey,7/29/2024,Loyalty Members,Closed,Medium
884,46,Staff Training Announcement,Weekend flash sale starts now,8/1/2024,Support Team.,Investigating,Medium
885,52,Bug Fix Announcement,Limited-time offer available,8/9/2023,Merchants,Open,High
886,43,Urgent Security Update,Exclusive event invite,8/19/2024,Merchants,Investigating,Medium
887,37,Data Usage Policy,Redeem your coins for special items,11/1/2024,Beta Testers,Investigating,High
888,69,Feature Testing Phase,We've updated our terms of service,11/14/2024,Loyalty Members,Awaiting Customer Response,Medium
889,55,Auto-Reload Changes,Earn double coins this weekend,9/15/2024,Customers,On Hold,Low
890,27,Coin Balance Adjustment,Important notice about reward items,3/26/2024,Support Team.,Awaiting Customer Response,Medium
891,68,New Feature Launch,Reminder: Update your payment info,10/26/2024,Admins,Open,High
892,53,Order Delay Notice,Check out your coin balance,2/22/2024,Beta Testers,On Hold,High
893,59,Maintenance Completed,Faster support now available,1/22/2024,Support Team.,Escalated,Medium
894,21,Coin Balance Adjustment,Faster support now available,11/15/2023,Merchants,Closed,Low
895,20,Bug Fix Announcement,App update now available,10/27/2023,All Users,On Hold,Low
896,5,Feature Deactivation Notice,Upcoming service outage notice,2/6/2024,Employees,Resolved,High
897,72,Reward Limit Update,Security settings changed,10/9/2024,Admins,Closed,Low
898,65,Feature Deactivation Notice,Check out your coin balance,7/17/2023,Employees,Investigating,Medium
899,29,Operating Hours Update,New dashboard tools for merchants,2/18/2025,Admins,Closed,Low
900,47,Coin Balance Adjustment,Try our seasonal drinks!,2/27/2024,All Users,Escalated,High
901,38,Order Delay Notice,Important notice about reward items,8/25/2024,All Users,Investigating,Medium
902,7,Mobile App Outage,Try our seasonal drinks!,7/11/2024,Admins,Escalated,High
903,32,App Version Release,Order ahead and skip the line.,4/24/2023,Support Team.,Escalated,Low
904,56,Email Preferences Update.,New dashboard tools for merchants,2/11/2025,All Users,On Hold,Medium
905,2,Promo Code Alert,New dashboard tools for merchants,4/15/2023,Inactive Users,Closed,Medium
906,74,Loyalty Program Update,View your transaction history online,10/23/2023,Inactive Users,Escalated,Medium
907,12,Feedback Survey Launch,App update now available,1/29/2024,All Users,Awaiting Customer Response,High
908,14,Holiday Schedule,Stay safe: Avoid phishing scams,12/31/2024,Beta Testers,Closed,High
909,19,Staff Training Announcement,New rewards program launched,8/28/2024,Merchants,Awaiting Customer Response,High
910,61,Feedback Survey Launch,Your favorite item is back!,1/6/2025,Beta Testers,Open,Medium
911,6,Transaction Delay Alert,Community spotlight: Featured merchants,6/21/2023,All Users,Awaiting Customer Response,Medium
912,10,Feature Testing Phase,We've updated our terms of service,9/3/2024,Employees,Dismissed,High
913,63,Account Verification Notice,Try our seasonal drinks!,12/15/2023,New Users,Open,High
914,45,Server Optimization,New rewards program launched,3/30/2023,Merchants,Investigating,High
915,67,App Version Release,Thank you for being a loyal customer,1/4/2025,Merchants,Dismissed,Medium
916,44,Limited Time Offer,Limited-time offer available,4/9/2024,Customers,Closed,High
917,25,Holiday Schedule,Security settings changed,1/9/2025,New Users,Investigating,High
918,49,Auto-Reload Changes,Earn double coins this weekend,10/28/2023,Customers,Closed,High
919,78,Data Usage Policy,Important notice about reward items,4/1/2025,Merchants,On Hold,High
920,71,Order Delay Notice,Your membership level has been upgraded,12/29/2023,All Users,Escalated,High
921,22,Urgent Security Update,CafeCoin turns one – celebrate with us!,3/21/2025,Merchants,Escalated,Medium
922,39,Coin Balance Adjustment,View your transaction history online,5/12/2024,Merchants,Dismissed,Low
923,73,Operating Hours Update,Your account summary is ready,9/4/2024,Loyalty Members,Closed,Medium
924,79,Limited Time Offer,Account activity alert,2/12/2024,Admins,Awaiting Customer Response,Low
925,48,Feedback Survey Launch,Stay safe: Avoid phishing scams,12/13/2024,New Users,Investigating,High
926,54,App Version Release,Exclusive event invite,9/22/2023,Loyalty Members,Investigating,High
927,42,Website Maintenance,You're close to earning a reward!,3/11/2024,Inactive Users,Resolved,Medium
928,70,Coin Balance Adjustment,Upcoming service outage notice,8/2/2024,Loyalty Members,Closed,Medium
929,33,Maintenance Completed,Stay safe: Avoid phishing scams,6/26/2023,Merchants,Awaiting Customer Response,High
930,80,Data Usage Policy,Important notice about reward items,8/6/2023,All Users,Awaiting Customer Response,Medium
931,18,Subscription Reminder,New rewards program launched,2/13/2023,New Users,Dismissed,High
932,8,Staff Training Announcement,Your feedback matters – take our survey,1/6/2025,Employees,Closed,Low
933,13,Loyalty Tier Adjustment,Your favorite item is back!,3/5/2024,Customers,Awaiting Customer Response,High
934,4,Terms & Conditions Update,Limited-time offer available,10/23/2024,Customers,Escalated,Medium
935,30,Promo Code Alert,Upcoming service outage notice,2/8/2023,Loyalty Members,Awaiting Customer Response,Medium
936,9,Staff Training Announcement,Check out your coin balance,7/19/2023,New Users,Closed,Medium
937,40,Coin Balance Adjustment,Important notice about reward items,4/14/2024,Admins,Closed,Low
938,62,Coin Balance Adjustment,You're close to earning a reward!,6/20/2024,Employees,Resolved,Medium
939,50,Transaction Delay Alert,Reminder: Update your payment info,3/15/2025,Beta Testers,Investigating,High
940,1,Feedback Survey Launch,App update now available,3/19/2025,New Users,Dismissed,Medium
941,58,Auto-Reload Changes,Community spotlight: Featured merchants,3/31/2025,Support Team.,On Hold,High
942,3,Feature Deactivation Notice,CafeCoin turns one – celebrate with us!,8/7/2023,All Users,Awaiting Customer Response,High
943,28,Limited Time Offer,Enjoy faster checkout with saved cards,3/6/2023,Inactive Users,Open,Medium
944,31,Point Redemption Changes,Check out your coin balance,10/30/2023,All Users,Escalated,High
945,60,Feature Deactivation Notice,Discount applied to your next purchase,3/6/2025,Merchants,Resolved,Medium
946,41,Holiday Schedule,Account activity alert,1/28/2024,Inactive Users,Open,Low
947,57,Website Maintenance,Redeem your coins for special items,2/9/2023,All Users,Dismissed,High
948,66,Delivery Area Expansion,Faster support now available,8/3/2023,Merchants,Escalated,Low
949,15,Reward Limit Update,Welcome to CafeCoin!,5/6/2023,Admins,Closed,Low
950,77,Feature Deactivation Notice,Limited-time offer available,11/25/2023,Support Team.,Resolved,High
951,26,Loyalty Program Update,Reminder: Update your payment info,8/11/2024,All Users,Open,Low
952,34,Limited Time Offer,Order ahead and skip the line.,9/20/2023,New Users,Dismissed,High
953,23,Terms & Conditions Update,Community spotlight: Featured merchants,8/26/2024,Beta Testers,Awaiting Customer Response,High
954,64,Customer Support Downtime,New amenities added near you,9/23/2023,Merchants,Resolved,High
955,35,Feature Deactivation Notice,Your membership level has been upgraded,10/4/2023,Inactive Users,Escalated,Medium
956,75,Scheduled Downtime,Try our seasonal drinks!,3/22/2025,Beta Testers,Escalated,Low
957,17,Coin Balance Adjustment,Exclusive event invite,6/24/2024,Employees,Escalated,Medium
958,16,Mobile App Outage,Your account summary is ready,8/21/2024,Inactive Users,Investigating,Medium
959,73,Rewards Expiry Notice,We've refreshed our menu!,1/27/2025,Beta Testers,Closed,Low
960,15,Feedback Survey Launch,Your membership level has been upgraded,3/27/2023,Inactive Users,Open,Medium
961,58,Urgent Security Update,We've refreshed our menu!,1/17/2023,Employees,Resolved,Medium
962,59,Staff Training Announcement,Faster support now available,8/4/2023,Loyalty Members,Awaiting Customer Response,High
963,47,Payment System Upgrade,App update now available,6/21/2024,Beta Testers,Resolved,Medium
964,67,New Feature Launch,Weekend flash sale starts now,2/3/2023,Beta Testers,Awaiting Customer Response,High
965,69,Bug Fix Announcement,Security settings changed,4/25/2023,Employees,Open,High
966,79,App Version Release,Your feedback matters – take our survey,8/17/2024,New Users,Escalated,Low
967,30,App Version Release,Order ahead and skip the line.,4/11/2025,Beta Testers,Investigating,High
968,20,Holiday Schedule,Thank you for being a loyal customer,7/8/2023,Loyalty Members,Awaiting Customer Response,High
969,29,Delivery Area Expansion,New amenities added near you,3/29/2025,New Users,Escalated,Low
970,4,Bug Fix Announcement,New shop locations added,7/23/2024,Inactive Users,Closed,Low
971,12,Policy Changes,View your transaction history online,3/13/2023,Support Team.,Awaiting Customer Response,High
972,11,Loyalty Tier Adjustment,Order ahead and skip the line.,7/16/2024,Merchants,Closed,Low
973,53,Reward Limit Update,New shop locations added,9/19/2023,Inactive Users,Open,Medium
974,76,Email Preferences Update.,Account activity alert,1/26/2025,All Users,Resolved,Medium
975,61,Auto-Reload Changes,Exclusive event invite,1/24/2025,Inactive Users,Escalated,Medium
976,78,Feature Testing Phase,Don't miss our spring event,4/20/2023,Inactive Users,Escalated,High
977,39,New Feature Launch,Redeem your coins for special items,6/10/2023,Admins,Investigating,High
978,8,Promo Code Alert,New shop locations added,2/2/2023,Employees,Escalated,Low
979,7,Feedback Survey Launch,Your account summary is ready,5/6/2024,Admins,Resolved,Low
980,31,Coin Balance Adjustment,Discount applied to your next purchase,9/4/2024,Inactive Users,On Hold,High
981,49,Delivery Area Expansion,View your transaction history online,2/29/2024,Employees,On Hold,High
982,17,Point Redemption Changes,Welcome to CafeCoin!,12/28/2023,Admins,On Hold,Low
983,43,Transaction Delay Alert,Thank you for being a loyal customer,4/29/2024,Employees,Dismissed,Low
984,25,New Feature Launch,Reminder: Update your payment info,3/11/2023,Employees,On Hold,High
985,75,Point Redemption Changes,Security settings changed,3/9/2023,Support Team.,Resolved,High
986,9,Operating Hours Update,Order ahead and skip the line.,6/22/2023,All Users,On Hold,High
987,18,Transaction Delay Alert,New feature: Order tracking,10/5/2024,Beta Testers,Closed,Medium
988,44,Feature Testing Phase,We've updated our terms of service,7/21/2023,Beta Testers,Open,High
989,56,Point Redemption Changes,Limited-time offer available,9/29/2023,Beta Testers,Awaiting Customer Response,Low
990,5,Account Verification Notice,Redeem your coins for special items,3/12/2023,Merchants,Dismissed,High
991,62,Maintenance Completed,Redeem your coins for special items,4/19/2024,Employees,On Hold,Low
992,27,Data Usage Policy,CafeCoin turns one – celebrate with us!,1/19/2023,Admins,Investigating,High
993,40,Delivery Area Expansion,System maintenance scheduled tonight,9/5/2023,New Users,Investigating,Medium
994,74,Data Usage Policy,View your transaction history online,5/31/2024,Loyalty Members,Resolved,High
995,64,Subscription Reminder,New feature: Order tracking,3/17/2024,Employees,Dismissed,Low
996,46,Scheduled Downtime,Important notice about reward items,6/24/2023,Support Team.,Dismissed,Medium
997,26,Data Usage Policy,Thank you for being a loyal customer,6/17/2024,Employees,Awaiting Customer Response,Low
998,60,Menu Update,Your order has shipped,1/24/2025,Customers,On Hold,Low
999,48,System Maintenance,Check out your coin balance,3/20/2025,Employees,Resolved,High
1000,41,Promo Code Alert,CafeCoin turns one – celebrate with us!,10/21/2023,Support Team.,Escalated,High
